-- phpMyAdmin SQL Dump
-- version 4.9.2
-- https://www.phpmyadmin.net/
--
-- Host: 127.0.0.1:3306
-- Generation Time: 15 พ.ย. 2022 เมื่อ 11:33 AM
-- เวอร์ชันของเซิร์ฟเวอร์: 10.4.10-MariaDB
-- PHP Version: 7.4.0

SET SQL_MODE = "NO_AUTO_VALUE_ON_ZERO";
SET AUTOCOMMIT = 0;
START TRANSACTION;
SET time_zone = "+00:00";


/*!40101 SET @OLD_CHARACTER_SET_CLIENT=@@CHARACTER_SET_CLIENT */;
/*!40101 SET @OLD_CHARACTER_SET_RESULTS=@@CHARACTER_SET_RESULTS */;
/*!40101 SET @OLD_COLLATION_CONNECTION=@@COLLATION_CONNECTION */;
/*!40101 SET NAMES utf8mb4 */;

--
-- Database: `eoffice`
--

-- --------------------------------------------------------

--
-- โครงสร้างตาราง `depart`
--

DROP TABLE IF EXISTS `depart`;
CREATE TABLE IF NOT EXISTS `depart` (
  `dep_id` int(2) NOT NULL AUTO_INCREMENT COMMENT 'รหัสหน่วยงาน',
  `type_id` int(2) DEFAULT NULL COMMENT 'ประเภทหน่วยงาน',
  `dep_name` varchar(100) DEFAULT NULL COMMENT 'ชื่อหน่วยงาน',
  `address` text DEFAULT NULL COMMENT 'ที่อยู่',
  `phone` varchar(15) DEFAULT NULL COMMENT 'โทรศํพท์',
  `fax` varchar(15) DEFAULT NULL COMMENT 'โทรสาร',
  `social` varchar(45) DEFAULT NULL COMMENT 'Social Medie',
  `status` int(1) NOT NULL COMMENT 'สถานะการใช้งาน',
  `local_num` int(1) NOT NULL COMMENT 'การออกเลขหนังสือภายใน',
  `prefex` varchar(20) NOT NULL COMMENT 'เลขประจำส่วนราชการ',
  `endorser` varchar(100) NOT NULL COMMENT 'ผู้ลงนาม',
  `m_id` int(5) DEFAULT NULL COMMENT 'กระทรวง',
  PRIMARY KEY (`dep_id`)
) ENGINE=InnoDB AUTO_INCREMENT=368 DEFAULT CHARSET=utf8 COMMENT='ทะเบียนส่วนราชการ/หน่วยงาน';

--
-- dump ตาราง `depart`
--

INSERT INTO `depart` (`dep_id`, `type_id`, `dep_name`, `address`, `phone`, `fax`, `social`, `status`, `local_num`, `prefex`, `endorser`, `m_id`) VALUES
(1, 2, 'สำนักงานจังหวัดพัทลุง', '', '', '', '', 1, 0, '', '', 12),
(10, 2, 'สำนักงานคลังจังหวัดพัทลุง', '', '', '', '', 1, 0, '', '', 2),
(12, 2, 'สำนักงานพัฒนาชุมชนจังหวัดพัทลุง', '', '', '', '', 1, 0, '', '', 12),
(179, 4, 'การไฟฟ้าส่วนภูมิภาคสาขาพัทลุง', '', '', '', '', 1, 0, '', '', 23),
(180, 4, 'การประปาส่วนภูมิภาคสาขาพัทลุง', '', '', '', '', 1, 0, '', '', 23),
(181, 10, 'ผู้ดูแลระบบ', '', '', '', '', 1, 0, '', '', 12),
(182, 2, 'สำนักงานส่งเสริมการปกครองส่วนท้องถิ่น', '', '', '', '', 1, 0, '', '', 12),
(183, 2, 'สำนักงานแรงงานจังหวัดพัทลุง', '', '', '', '', 1, 0, '', '', 14),
(184, 1, 'สำนักงานส่งเสริมการศึกษานอกระบบและการศึกษาตามอัธยาศัยจังหวัดพัทลุง', '', '', '', '', 1, 0, '', '', 35),
(185, 2, 'สหกรณ์จังหวัดพัทลุง', '', '', '', '', 1, 0, '', '', 6),
(186, 1, 'ศูนย์วิจัยและพัฒนาการเกษตรพัทลุง', '', '', '', '', 1, 0, '', '', 6),
(187, 1, 'แขวงทางหลวงชนบทพัทลุง', '', '', '', '', 1, 0, '', '', 7),
(189, 2, 'สำนักงานสถิติจังหวัดพัทลุง', '', '', '', '', 1, 0, '', '', 9),
(192, 2, 'สำนักงานเกษตรและสหกรณ์จังหวัดพัทลุง', '', '', '', '', 1, 0, '', '', 6),
(193, 1, 'แขวงทางหลวงพัทลุง', '', '', '', '', 1, 0, '', '', 7),
(194, 2, 'สำนักงานประมงจังหวัดพัทลุง', '', '', '', '', 1, 0, '', '', 6),
(195, 1, 'สำนักงานสัสดีจังหวัดพัทลุง', '', '', '', '', 1, 0, '', '', 1),
(196, 2, 'สำนักงานพาณิชย์จังหวัดพัทลุง', '', '', '', '', 1, 0, '', '', 11),
(197, 1, 'เจ้าท่าภูมิภาคสาขาพัทลุง', '', '', '', '', 1, 0, '', '', 7),
(198, 2, 'สำนักงานสวัสดิการและคุ้มครองแรงงานจังหวัดพัทลุง', '', '', '', '', 1, 0, '', '', 14),
(202, 1, 'สำนักงานการกีฬาแห่งประเทศไทย', '', '', '', '', 1, 0, '', '', 4),
(205, 2, 'สำนักงานพลังงานจังหวัดพัทลุง', '', '', '', '', 1, 0, '', '', 10),
(206, 1, 'สำนักงานสรรพสามิตพื้นที่พัทลุง', '', '', '', '', 1, 0, '', '', 2),
(208, 1, 'สำนักงานเขตพื้นที่การศึกษาประถมศึกษาพัทลุง', '', '', '', '', 1, 0, '', '', 35),
(210, 1, 'สำนักงานธนารักษ์พื้นที่พัทลุง', '', '', '', '', 1, 0, '', '', 2),
(211, 2, 'สำนักงานปศุสัตว์จังหวัดพัทลุง', '', '', '', '', 1, 0, '', '', 6),
(213, 2, 'อุตสาหกรรมจังหวัดพัทลุง', '', '', '', '', 1, 0, '', '', 18),
(216, 2, 'สำนักงานคุมประพฤติจังหวัดพัทลุง', '', '', '', '', 1, 0, '', '', 13),
(217, 2, 'สำนักงานพระพุทธศาสนาจังหวัดพัทลุง', '', '', '', '', 1, 0, '', '', 22),
(218, 4, 'สำนักงาน ธ.ก.ส.จังหวัดพัทลุง', '', '', '', '', 1, 0, '', '', 23),
(219, 1, 'สถานีวิทยุกระจายเสียงแห่งประเทศไทยจังหวัดพัทลุง  (สวท.พัทลุง)', '', '', '', '', 1, 0, '', '', 19),
(220, 1, 'นิคมสร้างตนเองท้ายเหมือง จังหวัดพัทลุง', '', '', '', '', 1, 0, '', '', 5),
(221, 2, 'พัฒนาสังคมและความมั่นคงของมนุษย์จังหวัดพัทลุง', '', '', '', '', 1, 0, '', '', 5),
(223, 1, 'สำนักงานคณะกรรมการการเลือกตั้งประจำจังหวัดพัทลุง', '', '', '', '', 1, 0, '', '', 26),
(225, 2, 'สำนักงานบังคับคดีจังหวัดพัทลุง', '', '', '', '', 1, 0, '', '', 13),
(226, 2, 'สำนักงานประกันสังคมจังหวัดพัทลุง', '', '', '', '', 1, 0, '', '', 14),
(231, 4, 'ธนาคารพัฒนาวิสาหกิจขนาดกลางและขนาดย่อมแห่งประเทศไทย สาขาพัทลุง', '', '', '', '', 1, 0, '', '', 23),
(233, 2, 'สำนักงานทรัพยากรธรรมชาติและสิ่งแวดล้อมจังหวัดพัทลุง', '', '', '', '', 1, 0, '', '', 8),
(234, 2, 'เรือนจำจังหวัดพัทลุง', '', '', '', '', 1, 0, '', '', 13),
(236, 1, 'ศูนย์พัฒนาฝีมือแรงงานจังหวัดพัทลุง', '', '', '', '', 1, 0, '', '', 14),
(238, 2, 'ที่ทำการปกครองจังหวัดพัทลุง', '', '', '', '', 1, 0, '', '', 12),
(242, 1, 'สำนักงานสรรพากรจังหวัดพัทลุง', '', '', '', '', 1, 0, '', '', 2),
(246, 6, 'วิทยาลัยการอาชีพท้ายเหมือง', '', '', '', '', 1, 0, '', '', 3),
(247, 2, 'สำนักงานสาธารณสุขจังหวัดพัทลุง', '', '', '', '', 1, 0, '', '', 17),
(248, 2, 'สำนักงานจัดหางานจังหวัดพัทลุง', '', '', '', '', 1, 0, '', '', 14),
(251, 2, 'สถานีพัฒนาที่ดินพัทลุง', '', '', '', '', 1, 0, '', '', 6),
(252, 1, 'ตรวจคนเข้าเมืองจังหวัดพัทลุง', '', '', '', '', 1, 0, '', '', 21),
(254, 4, 'การยางแห่งประเทศไทยจังหวัดพัทลุง', '', '', '', '', 1, 0, '', '', 6),
(255, 2, 'สำนักงานวัฒนธรรมจังหวัดพัทลุง', '', '', '', '', 1, 0, '', '', 15),
(258, 1, 'สำนักงานอัยการจังหวัดพัทลุง', '', '', '', '', 1, 0, '', '', 20),
(260, 2, 'สำนักงานการปฏิรูปที่ดินจังหวัดพัทลุง', '', '', '', '', 1, 0, '', '', 6),
(261, 1, 'สำนักงานการกีฬาแห่งประเทศไทย จังหวัดพัทลุง', '', '', '', '', 1, 0, '', '', 4),
(263, 2, 'สำนักงานป้องกันและบรรเทาสาธารณภัยจังหวัดพัทลุง', '', '', '', '', 1, 0, '', '', 12),
(264, 2, 'สำนักงานที่ดินจังหวัดพัทลุง', '', '', '', '', 1, 0, '', '', 12),
(265, 1, 'สำนักงานเหล่ากาชาดจังหวัดพัทลุง', '', '', '', '', 1, 0, '', '', 12),
(266, 2, 'ขนส่งจังหวัดพัทลุง', '', '', '', '', 1, 0, '', '', 7),
(267, 3, 'อบจ.พัทลุง', '', '', '', '', 1, 0, '', '', 12),
(268, 2, 'สำนักงานประชาสัมพันธ์จังหวัดพัทลุง', '', '', '', '', 1, 0, '', '', 19),
(270, 1, 'ศูนย์การศึกษาพิเศษประจำจังหวัดพัทลุง', '', '', '', '', 1, 0, '', '', 3),
(271, 1, 'สำนักงานศึกษาธิการจังหวัดพัทลุง', '', '', '', '', 1, 0, '', '', 3),
(272, 2, 'สำนักงานการท่องเที่ยวและกีฬาจังหวัดพัทลุง', '', '', '', '', 1, 0, '', '', 4),
(273, 1, 'สำนักงานเขตพื้นที่การศึกษามันธยมศึกษา เขต 14', '', '', '', '', 1, 0, '', '', 35),
(274, 1, 'สำนักงาน สกสค.จังหวัดพัทลุง', '', '', '', '', 1, 0, '', '', 3),
(275, 2, 'สำนักงานโยธาธิการและผังเมืองจังหวัดพัทลุง', '', '', '', '', 1, 0, '', '', 12),
(276, 2, 'สำนักงานเกษตรจังหวัดพัทลุง', '', '', '', '', 1, 0, '', '', 6),
(277, 1, 'สำนักงานสภาเกษตรจังหวัดพัทลุง', '', '', '', '', 1, 0, '', '', 6),
(278, 1, 'ศูนย์วิจัยและพัฒนาการเพราะเลี้ยงสัตว์น้ำชายฝั่ง', '', '', '', '', 1, 0, '', '', 6),
(279, 11, 'ตำรวจภูธรจังหวัดพัทลุง', '', '', '', '', 1, 0, '', '', 21),
(281, 2, 'โครงการชลประทานพัทลุง', '', '', '', '', 1, 0, '', '', 6),
(282, 1, 'สำนักงานอัยการคดีเยาวชนและครอบครัวจังหวัดพัทลุง', '', '', '', '', 1, 0, '', '', 20),
(283, 2, 'ศูนย์คุ้มครองคนไร้ที่ถึ่งจังหวัดพัทลุง', '', '', '', '', 1, 0, '', '', 5),
(284, 1, 'ศูนย์บริหารการทะเบียนภาค 8 สาขาจังหวัดพัทลุง', '', '', '', '', 1, 0, '', '', 12),
(285, 1, 'สำนักงานยุติธรรมจังหวัดพัทลุง', '', '', '', '', 1, 0, '', '', 13),
(286, 2, 'จังหวัดพัทลุง', 'จังหวัดพัทลุง                            ', 'x-xxxx-xxxx', 'x-xxxx-xxxx', 'http://www.phatthalung.go.th/contact', 1, 1, 'xxxxx', '', 12),
(287, 13, 'สำนักงานตรวจเงินแผ่นดินจังหวัดพัทลุง', 'จังหวัดพัทลุง                          ', 'x-xxxx-xxxx', 'xxxxxxxxxxx', '-', 1, 1, 'พท xxxx', '', 34),
(288, 2, 'กอ.รมน.พท', '                          ', '0-74xx-xxxx', '0-74xx-xxxx', '', 1, 1, 'xxxx-', '', 19),
(289, 3, 'อบต.วังใหม่', '-                          ', 'x-xxxx-xxxx', 'xxxxxxxxxxx', '', 1, 1, 'xxxx', '', 12),
(290, 2, 'สถานพินิจและคุ้มครองเด็กและเยาวชนจังหวัดพัทลุง', 'xxxx                          ', 'x-xxxx-xxxx', 'x-xxxx-xxxx', 'http://www.phatthalung.go.th/contact', 1, 1, 'xxxx', '', 13),
(291, 2, 'ศูนย์ศึกษาธรรมชาติและสัตว์ป่าทะเลน้อย', 'จังหวัดพัทลุง                          ', 'ป-xxxx-xxxx', 'sssssssssss', 'http://www.phatthalung.go.th', 1, 1, 'xxxx', '', 8),
(292, 1, 'ศูนย์วิจัยและพัฒนาอาหารสัตว์พัทลุง', 'พัทลุง      ', '0-74-x-xxxx', '0-74xx-xxxx', 'www.phatthalung.go.th', 1, 1, 'xxxxx', '', 6),
(293, 2, 'ทัณฑสถานเปิดบ้านนาวง', '                พัทลุง          ', '0-74-x-xxxx', '0-74xx-xxxx', 'http://www.phatthalung.go.th/', 1, 1, 'พท', '', 13),
(294, 2, 'สำนักงานชลประทานที่ 16 ', '  จังหวัดพัทลุง                     ', '0-7439-0140', '0-7439-0140', 'www.phatthalung.go.th', 1, 1, 'xxxxx', '', 6),
(295, 2, 'เขตห้ามล่าสัตว์ป่าทะเลหลวง', 'เขตห้ามล่าพันธ์สัตว์ป่าทะเลหลวง                          ', '0-7467-5527', '0-7467-5527', 'www.phatthalung.go.th', 1, 1, 'xxxxx', '', 8),
(296, 2, 'สำนักงานคณะกรรมการกำกับและส่งเสริมการประกอบธุรกิจประกันภัย (คปภ.) จังหวัดพัทลุง', 'จังหวัดพัทลุง', '0-74-x-xxxx', '0-74xx-xxxx', 'www.phatthalung.go.th', 1, 1, 'xxxxx', '', 2),
(297, 3, 'เทศบาลเมืองพัทลุง', 'จังหวัดพัทลุง                          ', '0-74-x-xxxx', '0-74xx-xxxx', 'http://www.phatthalung.go.th/', 1, 1, 'xxxx', '', 12),
(298, 3, 'ทต.โคกชะงาย', 'จังหวัดพัทลุง', '0-74-x-xxxx', '0-74xx-xxxx', 'www.phatthalung.go.th', 1, 1, 'xxxxx', '', 12),
(299, 3, 'ทต.เขาเจียก', '-                          ', '0-74-x-xxxx', '0-74xx-xxxx', 'www.phatthalung.go.th', 1, 1, 'xxxxx', '', 12),
(300, 3, 'ทต.ท่ามิหรำ', '-                          ', '0-74-x-xxxx', '0-74xx-xxxx', 'www.phatthalung.go.th', 1, 1, 'xxxxx', '', 12),
(301, 3, 'ทต.ท่าแค', '-                          ', '0-74-x-xxxx', '0-74xx-xxxx', 'www.phatthalung.go.th', 1, 1, 'xxxxx', '', 1),
(302, 3, 'ทต.นาท่อม', '-                          ', '0-74-x-xxxx', '0-74xx-xxxx', 'www.phatthalung.go.th', 1, 1, 'xxxxx', '', 12),
(303, 3, 'อบต.นาโหนด', '-                          ', '0-74-x-xxxx', '0-74xx-xxxx', 'www.phatthalung.go.th', 1, 1, 'xxxxx', '', 12),
(304, 3, 'ทต.ปรางหมู่', '-                                                    ', '0-74-x-xxxx', '0-74xx-xxxx', 'www.phatthalung.go.th', 1, 1, 'xxxxx', '', 12),
(305, 3, 'ทต.พญาขัน', '-                                                    ', '0-74-x-xxxx', '0-74xx-xxxx', 'www.phatthalung.go.th', 1, 1, 'xxxxx', '', 12),
(306, 3, 'ทต.ร่มเมือง', '-                          ', '0-74-x-xxxx', '0-74xx-xxxx', 'www.phatthalung.go.th', 1, 1, 'xxxxx', '', 12),
(307, 3, 'อบต.ควนมะพร้าว', '-                          ', '0-74-x-xxxx', '0-74xx-xxxx', 'www.phatthalung.go.th', 1, 1, 'xxxxx', '', 12),
(308, 3, 'อบต.ชัยบุรี', '-                          ', '0-74-x-xxxx', '0-74xx-xxxx', 'www.phatthalung.go.th', 1, 1, 'xxxxx', '', 12),
(309, 3, 'ทต.ตำนาน', '-                          ', '0-74-x-xxxx', '0-74xx-xxxx', 'www.phatthalung.go.th', 1, 1, 'xxxxx', '', 12),
(310, 3, 'อบต.ลำปำ', '-                          ', '0-74-x-xxxx', '0-74xx-xxxx', 'www.phatthalung.go.th', 1, 1, 'xxxxx', '', 12),
(311, 3, 'ทต.ควนขนุน', '-                          ', '0-74-x-xxxx', '0-74xx-xxxx', 'www.phatthalung.go.th', 1, 1, 'xxxxx', '', 12),
(312, 3, 'ทต.มะกอกเหนือ', '-                          ', '0-74-x-xxxx', '0-74xx-xxxx', 'www.phatthalung.go.th', 1, 1, 'xxxxx', '', 12),
(313, 3, 'ทต.หนองพ้อ', '-                          ', '0-74-x-xxxx', '0-74xx-xxxx', 'www.phatthalung.go.th', 1, 1, 'xxxxx', '', 12),
(314, 3, 'ทต.บ้านสวน', '-                          ', '0-74-x-xxxx', '0-74xx-xxxx', 'www.phatthalung.go.th', 1, 1, 'xxxxx', '', 12),
(315, 3, 'ทต.นาขยาด', '-                          ', '0-74-x-xxxx', '0-74xx-xxxx', 'www.phatthalung.go.th', 1, 1, 'xxxxx', '', 12),
(316, 3, 'ทต.พนางตุง', '-                          ', '0-74-x-xxxx', '0-74xx-xxxx', 'www.phatthalung.go.th', 1, 1, 'xxxxx', '', 12),
(317, 3, 'ทต.ทะเลน้อย', '-                          ', '0-74-x-xxxx', '0-74xx-xxxx', 'www.phatthalung.go.th', 1, 1, 'xxxxx', '', 12),
(318, 3, 'ทต.ดอนทราย', '-                          ', '0-74-x-xxxx', '0-74xx-xxxx', 'www.phatthalung.go.th', 1, 1, 'xxxxx', '', 12),
(319, 3, 'ทต.โตนดด้วน', '-                          ', '0-74-x-xxxx', '0-74xx-xxxx', 'www.phatthalung.go.th', 1, 1, 'xxxxx', '', 12),
(320, 3, 'ทต.แพรกหา', '-                          ', '0-74-x-xxxx', '0-74xx-xxxx', 'www.phatthalung.go.th', 1, 1, 'xxxxx', '', 12),
(321, 3, 'ทต.แหลมโตนด', '-                          ', '0-74-x-xxxx', '0-74xx-xxxx', 'www.phatthalung.go.th', 1, 1, 'xxxxx', '', 12),
(322, 3, 'อบต.ปันแต', '-', '0-74-x-xxxx', 'x-xxxx-xxxx', 'www.phatthalung.go.th', 1, 1, 'อบต.พนมวัง', '', 12),
(323, 3, 'อบต.พนมวังก์', '-                          ', '0-74-x-xxxx', '0-74xx-xxxx', 'www.phatthalung.go.th', 1, 1, 'xxxxx', '', 12),
(324, 3, 'อบต.ชะมวง', '-                          ', '0-74-x-xxxx', '0-74xx-xxxx', 'www.phatthalung.go.th', 1, 1, 'xxxxx', '', 12),
(325, 3, 'ทต.ชะรัด', '-                          ', 'ป-xxxx-xxxx', '0-74xx-xxxx', 'www.phatthalung.go.th', 1, 1, 'xxxxx', '', 12),
(326, 3, 'ทต.คลองทรายขาว', '-                          ', '0-74-x-xxxx', '0-74xx-xxxx', 'www.phatthalung.go.th', 1, 1, 'xxxxx', '', 12),
(327, 3, 'ทต.กงหรา', '-                          ', '0-74-x-xxxx', '0-74xx-xxxx', 'www.phatthalung.go.th', 1, 1, 'xxxxx', '', 12),
(328, 3, 'ทต.สมหวัง', '-                          ', '0-74-x-xxxx', '0-74xx-xxxx', 'www.phatthalung.go.th', 1, 1, 'xxxxx', '', 12),
(329, 3, 'อบต.คลองเฉลิม', '-                          ', '0-74-x-xxxx', '0-74xx-xxxx', 'www.phatthalung.go.th', 1, 1, 'xxxxx', '', 12),
(330, 3, 'ทต.ตะโหมด', '-                                                    ', '0-74-x-xxxx', '0-74xx-xxxx', 'www.phatthalung.go.th', 1, 1, 'xxxxx', '', 12),
(331, 3, 'ทต.แม่ขรี', '-                          ', '0-74-x-xxxx', '0-74xx-xxxx', 'www.phatthalung.go.th', 1, 1, 'xxxxx', '', 12),
(332, 3, 'ทต.เขาหัวช้าง', '-                          ', '0-74-x-xxxx', '0-74xx-xxxx', 'www.phatthalung.go.th', 1, 1, 'xxxxx', '', 12),
(333, 3, 'ทต.ควนเสาธง', '-                          ', '0-74-x-xxxx', '0-74xx-xxxx', 'www.phatthalung.go.th', 1, 1, 'xxxxx', '', 12),
(334, 2, 'ทต.คลองใหญ่', '-                          ', '0-74-x-xxxx', '0-74xx-xxxx', 'www.phatthalung.go.th', 1, 1, 'xxxxx', '', 12),
(335, 3, 'ทต.ท่ามะเดื่อ', '-                          ', '0-74-x-xxxx', '0-74xx-xxxx', 'www.phatthalung.go.th', 1, 1, 'xxxxx', '', 12),
(336, 3, 'ทต.บางแก้ว', '-                          ', '0-74-x-xxxx', '0-74xx-xxxx', 'www.phatthalung.go.th', 1, 1, 'xxxxx', '', 12),
(337, 3, 'อบต.โคกสัก', '-                          ', '0-74-x-xxxx', '0-74xx-xxxx', 'www.phatthalung.go.th', 1, 1, 'xxxxx', '', 12),
(338, 3, 'อบต.นาปะขอ', '-                          ', '0-74-x-xxxx', '0-74xx-xxxx', 'www.phatthalung.go.th', 1, 1, 'xxxxx', '', 12),
(339, 3, 'ทต.ลานข่อย', '-                          ', '0-74-x-xxxx', '0-74xx-xxxx', 'www.phatthalung.go.th', 1, 1, 'xxxxx', '', 12),
(340, 3, 'ทต.บ้านพร้าว', '-                          ', '0-74-x-xxxx', '0-74xx-xxxx', 'www.phatthalung.go.th', 1, 1, 'xxxxx', '', 12),
(341, 3, 'อบต.ป่าพะยอม', '-                          ', '0-74-x-xxxx', '0-74xx-xxxx', 'www.phatthalung.go.th', 1, 1, 'xxxxx', '', 12),
(342, 3, 'อบต.เกาะเต่า', '-                          ', '0-74-x-xxxx', '0-74xx-xxxx', 'www.phatthalung.go.th', 1, 1, 'xxxxx', '', 12),
(343, 3, 'ทต.เขาชัยสน', '-                          ', '0-74-x-xxxx', '0-74xx-xxxx', 'www.phatthalung.go.th', 1, 1, 'xxxxx', '', 12),
(344, 3, 'ทต.โคกม่วง', '-                          ', '0-74-x-xxxx', '0-74xx-xxxx', 'www.phatthalung.go.th', 1, 1, 'xxxxx', '', 12),
(345, 3, 'ทต.จองถนน', '-                          ', '0-74-x-xxxx', '0-74xx-xxxx', 'www.phatthalung.go.th', 1, 1, 'xxxxx', '', 12),
(346, 3, 'อบต.ควนขนุน', '-                          ', '0-74-x-xxxx', '0-74xx-xxxx', 'www.phatthalung.go.th', 1, 1, 'xxxxx', '', 12),
(347, 3, 'อบต.หานโพธิ์', '-                          ', '0-74-x-xxxx', '0-74xx-xxxx', 'www.phatthalung.go.th', 1, 1, 'xxxxx', '', 12),
(348, 3, 'ทต.ป่าบอน', '-                          ', '0-74-x-xxxx', '0-74xx-xxxx', 'www.phatthalung.go.th', 1, 1, 'xxxxx', '', 12),
(349, 3, 'อบต.โคกทราย', '-                          ', '0-74-x-xxxx', '0-74xx-xxxx', 'www.phatthalung.go.th', 1, 1, 'xxxxx', '', 12),
(350, 3, 'อบต.ทุ่งนารี', '-                          ', '0-74-x-xxxx', '0-74xx-xxxx', 'www.phatthalung.go.th', 1, 1, 'xxxxx', '', 12),
(351, 3, 'อบต.ป่าบอน', '-                          ', '0-74-x-xxxx', '0-74xx-xxxx', 'www.phatthalung.go.th', 1, 1, 'xxxxx', '', 12),
(352, 3, 'อบต.หนองธง', '-                          ', '0-74-x-xxxx', '0-74xx-xxxx', 'www.phatthalung.go.th', 1, 1, 'xxxxx', '', 12),
(353, 3, 'ทต.ปากพะยูน', '-                          ', '0-74-x-xxxx', '0-74xx-xxxx', 'www.phatthalung.go.th', 1, 1, 'xxxxx', '', 12),
(354, 3, 'ทต.หารเทา', '-                          ', '0-74-x-xxxx', '0-74xx-xxxx', 'www.phatthalung.go.th', 1, 1, 'xxxxx', '', 12),
(355, 3, 'ทต.อ่าวพะยูน', '-                          ', '0-74-x-xxxx', '0-74xx-xxxx', 'www.phatthalung.go.th', 1, 1, 'xxxxx', '', 12),
(356, 3, 'ทต.เกาะนางคำ', '-                          ', '0-74-x-xxxx', '0-74xx-xxxx', 'www.phatthalung.go.th', 1, 1, 'xxxxx', '', 12),
(357, 3, 'อบต.เกาะหมาก', '-                          ', '0-74-x-xxxx', '0-74xx-xxxx', 'www.phatthalung.go.th', 1, 1, 'xxxxx', '', 12),
(358, 3, 'ทต.ดอนทราย (ปากพะยูน)', '-                          ', '0-74-x-xxxx', '0-74xx-xxxx', 'www.phatthalung.go.th', 1, 1, 'xxxxx', '', 12),
(359, 3, 'อบต.ดอนประดู่', '-                          ', '0-74-x-xxxx', '0-74xx-xxxx', 'www.phatthalung.go.th', 1, 1, 'xxxxx', '', 12),
(360, 3, 'อบต.ฝาละมี', '-                          ', '0-74-x-xxxx', '0-74xx-xxxx', 'www.phatthalung.go.th', 1, 1, 'xxxxx', '', 12),
(361, 3, 'อบต.เขาปู่', '-                          ', '0-74-x-xxxx', '0-74xx-xxxx', 'www.phatthalung.go.th', 1, 1, 'xxxxx', '', 12),
(362, 3, 'อบต.เขาย่า', '-                          ', '0-74-x-xxxx', '0-74xx-xxxx', 'www.phatthalung.go.th', 1, 1, 'xxxxx', '', 12),
(363, 3, 'อบต.ตะแพน', '-                          ', '0-74-x-xxxx', '0-74xx-xxxx', 'www.phatthalung.go.th', 1, 1, 'xxxxx', '', 12),
(364, 3, 'ทต.ชุมพล', '-                          ', '0-74-x-xxxx', '0-74xx-xxxx', 'www.phatthalung.go.th', 1, 1, 'xxxxx', '', 12),
(365, 3, 'ทต.บ้านนา', '-                          ', '0-74-x-xxxx', '0-74xx-xxxx', 'www.phatthalung.go.th', 1, 1, 'xxxxx', '', 12),
(366, 3, 'ทต.ลำสินธุ์', '-                          ', '0-74-x-xxxx', '0-74xx-xxxx', 'www.phatthalung.go.th', 1, 1, 'xxxxx', '', 12),
(367, 3, 'ทต.อ่างทอง', '-                          ', '0-74-x-xxxx', '0-74xx-xxxx', 'www.phatthalung.go.th', 1, 1, 'xxxxx', '', 12);

-- --------------------------------------------------------

--
-- โครงสร้างตาราง `ministry`
--

DROP TABLE IF EXISTS `ministry`;
CREATE TABLE IF NOT EXISTS `ministry` (
  `m_id` int(2) NOT NULL AUTO_INCREMENT COMMENT 'รหัสกระทรวง',
  `m_impo` int(3) DEFAULT NULL COMMENT 'ลำดับการแสดงผล',
  `m_name` varchar(150) DEFAULT NULL COMMENT 'ชื่อกระทรวง',
  PRIMARY KEY (`m_id`)
) ENGINE=InnoDB AUTO_INCREMENT=37 DEFAULT CHARSET=utf8 COMMENT='กระทรวง';

--
-- dump ตาราง `ministry`
--

INSERT INTO `ministry` (`m_id`, `m_impo`, `m_name`) VALUES
(1, 2, 'กระทรวงกลาโหม'),
(2, 3, 'กระทรวงการคลัง'),
(3, 17, 'กระทรวงศึกษาธิการ'),
(4, 5, 'กระทรวงการท่องเที่ยวและกีฬา'),
(5, 6, 'กระทรวงการพัฒนาสังคมและความมั่นคงของมนุษย์'),
(6, 7, 'กระทรวงเกษตรและสหกรณ์'),
(7, 8, 'กระทรวงคมนาคม'),
(8, 9, 'กระทรวงทรัพยากรธรรมชาติและสิ่งแวดล้อม'),
(9, 10, 'กระทรวงดิจิทัลเศรษฐกิจและสังคม'),
(10, 11, 'กระทรวงพลังงาน'),
(11, 12, 'กระทรวงพาณิชย์'),
(12, 1, 'กระทรวงมหาดไทย'),
(13, 13, 'กระทรวงยุติธรรม'),
(14, 14, 'กระทรวงแรงงาน'),
(15, 15, 'กระทรวงวัฒนธรรม'),
(16, 16, 'กระทรวงวิทยาศาสตร์'),
(17, 18, 'กระทรวงสาธารณสุข'),
(18, 19, 'กระทรวงอุตสาหกรรม'),
(19, 20, 'สำนักนายกรัฐมนตรี'),
(20, 22, 'สำนักงานอัยการสูงสุด'),
(21, 23, 'สำนักงานตำรวจแห่งชาติ'),
(22, 24, 'สำนักงานพระพุทธศาสนาแห่งชาติ'),
(23, 25, 'รัฐวิสาหกิจ'),
(24, 26, 'องค์กรปกครองส่วนท้องถิ่น'),
(25, 27, 'องค์กรเอกชน'),
(26, 28, 'องค์กรอิสระ'),
(27, 29, ' สว./สส.'),
(28, 30, 'สื่อมวลชน'),
(29, 31, 'หมายเลขฉุกเฉิน'),
(30, 32, 'สำรองที่นั่งและตั๋วเดินทาง'),
(31, 33, 'ร้านอาหาร/ภัตตาคาร/ของที่ระลึก/บันเทิง'),
(32, 34, 'กอล์ฟ'),
(33, 35, 'โรงแรม'),
(34, 36, 'อื่น ๆ'),
(36, 21, 'สำนักงานศาลยุติธรรม');

-- --------------------------------------------------------

--
-- โครงสร้างตาราง `office_type`
--

DROP TABLE IF EXISTS `office_type`;
CREATE TABLE IF NOT EXISTS `office_type` (
  `type_id` int(2) NOT NULL AUTO_INCREMENT COMMENT 'รหัสประเภทหน่วยงาน',
  `type_name` varchar(100) NOT NULL COMMENT 'ชื่อประเภทหน่วยงาน',
  PRIMARY KEY (`type_id`)
) ENGINE=InnoDB AUTO_INCREMENT=14 DEFAULT CHARSET=utf8 COMMENT='ประเภทหน่วยงาน';

--
-- dump ตาราง `office_type`
--

INSERT INTO `office_type` (`type_id`, `type_name`) VALUES
(1, 'ราชการส่วนกลาง'),
(2, 'ราชการส่วนภูมิภาค'),
(3, 'ราชการส่วนท้องถิ่น'),
(4, 'รัฐวิสาหกิจ'),
(5, 'อำเภอ'),
(6, 'สถานศึกษา'),
(7, 'โรงเรียน'),
(8, 'ภาคเอกชน'),
(9, 'จังหวัดพังงา'),
(10, 'ผู้ดูแลระบบ'),
(11, 'ตำรวจ'),
(13, 'องค์กรอิสระ');

-- --------------------------------------------------------

--
-- โครงสร้างตาราง `section`
--

DROP TABLE IF EXISTS `section`;
CREATE TABLE IF NOT EXISTS `section` (
  `sec_id` int(2) NOT NULL AUTO_INCREMENT COMMENT 'รหัสแผนก',
  `sec_name` varchar(100) DEFAULT NULL COMMENT 'ชื่อแผนก',
  `sec_code` varchar(45) DEFAULT NULL COMMENT 'เลขกลุ่มงานภายใน',
  `dep_id` int(2) NOT NULL COMMENT 'รหัสหน่วยงาน',
  `phone` varchar(20) NOT NULL COMMENT 'โทรศัพท์',
  `fax` varchar(20) NOT NULL COMMENT 'แฟกส์',
  `status` int(1) NOT NULL COMMENT 'สถานะ',
  `local_num` int(1) NOT NULL COMMENT 'สิทธิ์การออกเลขภายใน',
  PRIMARY KEY (`sec_id`)
) ENGINE=InnoDB AUTO_INCREMENT=354 DEFAULT CHARSET=utf8 COMMENT='แผนก/กลุ่ม/ฝ่าย';

--
-- dump ตาราง `section`
--

INSERT INTO `section` (`sec_id`, `sec_name`, `sec_code`, `dep_id`, `phone`, `fax`, `status`, `local_num`) VALUES
(1, 'กลุ่มงานยุทธศาสตร์และข้อมูลเพื่อการพัฒนาจังหวัด', 'พง 0017.2', 1, '0-7648-1422', '0-7648-1422', 1, 1),
(31, 'กลุ่มงานบริหารทรัพยากรบุคคล', 'พง 0017.5', 1, '0-7648-1437', '0-7648-1437', 1, 1),
(32, 'หน่วยตรวจสอบภายในจังหวัดพังงา', 'พง 0017.4', 1, '0-7648-1445', '0-7648-1447', 1, 1),
(33, 'กลุ่มงานศูนย์ดำรงธรรมจังหวัด', 'พง 0017.1', 1, '0-7648-1426', '0-7648-1426', 1, 1),
(106, 'กลุ่มงานอำนวยการ', 'พง 0017.3', 1, '0-7648-1424', '0-7648-1424', 1, 1),
(122, 'กลุ่มงานปกครอง', 'พง 0017', 16, '0-7648-1421', '0-7648-1421', 1, 1),
(123, 'สารบรรณกลาง', 'พง 0017', 16, '', '', 1, 1),
(124, 'กลุ่มความมั่นคง', 'พง 0017', 16, '0-7648-1421', '0-7648-1421', 1, 1),
(125, 'กลุ่มการเงินและบัญชี', 'พง 0017', 16, '0-7648-1421', '0-7648-1421', 1, 1),
(126, 'สารบรรณกลาง', 'พง 0017', 171, '', '', 1, 1),
(127, 'สารบรรณกลาง', 'พง 0017', 172, '', '', 1, 1),
(128, 'สารบรรณกลาง', 'พง 0017', 173, '', '', 1, 1),
(129, 'สารบรรณกลาง', 'พง 0017', 174, '', '', 1, 1),
(130, 'สารบรรณกลาง', 'พง 0017', 176, '', '', 1, 1),
(131, 'สารบรรณกลาง', 'พง 0017', 177, '', '', 1, 1),
(132, 'สารบรรณกลาง', 'พง 0017', 178, '', '', 1, 1),
(133, 'สารบรรณกลาง', 'พง 0017', 179, '', '', 1, 1),
(134, 'ฝ่ายอำนวยการ', 'พง 0017', 180, '0-7648-1424', '0-7648-1424', 1, 1),
(135, 'งานการเงิน', '12345', 171, '0-7648-1425', '0-7541-2124', 1, 1),
(136, 'ผู้ดูแลระบบ', '0017.2', 181, '0-7648-1421', '0-7648-1421', 1, 1),
(137, 'ฝ่ายบริหารทั่วไป', 'พง 0023.1', 182, '0-7648-1435', '0-7648-1435', 1, 1),
(138, 'กลุ่มงานมาตรฐานการบริหารงานบุคคลส่วนท้องถิ่น', 'พง 0023.2', 182, '', '', 1, 1),
(139, 'กลุ่มงานส่งเสริมและพัฒนาท้องถิ่น', 'พง 0023.3', 182, '', '', 1, 1),
(140, 'กลุ่มงานกฎหมายระเบียบและเรื่องร้องทุกข์', 'พง 0023.4', 182, '', '', 1, 1),
(141, 'กลุ่มงานการเงินบัญชีและการตรวจสอบ', 'พง 0023.5', 182, '', '', 1, 1),
(142, 'กลุ่มงานบริหารงานทั่วไป', 'พง 0027', 183, '0-7641-3968', '0-7641-3969', 1, 1),
(143, 'กศน.พังงา', 'ศธ 0210.19', 184, '0-7948-1035', '0-7648-1037', 1, 1),
(144, 'ฝ่ายบริการทั่วไป', 'พง 0010', 185, '0-7641-5016', '0-7641-5174', 1, 1),
(145, 'กลุ่มงานบริหารงานทั่วไป', 'กษ 0923.4', 186, '0-7646-1180', '0-7646-1181', 1, 1),
(146, 'กลุ่มงานบริหารงานทั่วไป', 'คค 0703.34', 187, '0-7646-0603', '0-7646-0604', 1, 1),
(147, 'กลุ่มบริหารงานทั่วไป', 'พง 71601', 188, '076-496-163', '076-496-138', 1, 1),
(148, 'กลุ่มงานบริหารงานทั่วไป', 'พง 0013', 189, '0-7646-0648', '0-7646-0649', 1, 1),
(149, 'สำนักปลัด', 'พง 7380', 190, '0-7659-9877', '0-7959-9878', 1, 1),
(150, 'กลุ่มบริหารงานทั่วไป', 'พง 0018', 191, '0-7648-1515', '0-7648-1515', 1, 1),
(151, 'กลุ่มงานบริหารงานทั่วไป', 'กษ 0224.พง', 192, '0-7641-3181', '0-7641-3182', 1, 1),
(152, 'กลุ่มงานบริหารงานทั่วไป', 'คค 06103', 193, '0-7641-3985', '0-7641-3986', 1, 1),
(153, 'กลุ่มงานบริหารงานทั่วไป', 'พง 0007', 194, '0-7648-1438', '0-7648-1438', 1, 1),
(154, 'สัสดีจังหวัด', 'กห 0484.76', 195, '0-7948-1462', '0-7648-1462', 1, 1),
(155, 'กลุ่มงานบริหารงานทั่วไป', 'พง 0016', 196, '0-7648-1743', '0-7648-1741', 1, 1),
(156, 'กลุ่มงานบริหารงานทั่วไป', 'คค 0315.6', 197, '0-7646-0639', '0-7646-0639', 1, 1),
(157, 'กลุ่มงานบริหารงานทั่วไป', 'พง 0029', 198, '0-7641-2142', '0-7641-2142', 1, 1),
(158, 'กลุ่มงานบริหารงานทั่วไป', 'พง 72901', 199, '0-7657-2028', '0-7657-2028', 1, 1),
(159, 'กลุ่มงานบริหารงานทั่วไป', 'พง 75401', 200, '0-7641-0765', '0-7641-0765', 1, 1),
(160, 'กลุ่มงานบริหารงานทั่วไป', 'พง 75201', 201, '0-7645-524', '0-7645-524', 1, 1),
(161, 'กลุ่มงานบริหารงานทั่วไป', 'พง 0019', 12, '0-7648-1459', '0-7648-1458', 1, 1),
(162, 'กลุ่มงานบริหารงานทั่วไป', 'กก 5103.6.12', 202, '0-7646-0503', '0-7646-0503', 1, 1),
(163, 'กลุ่มงานบริหารงานทั่วไป', 'พง 0003', 10, '0-7648-1475', '0-7648-1474', 1, 1),
(164, 'กลุ่มงานบริหารงานทั่วไป', 'พง 61301', 203, '0-7649-6501', '0-7649-6501', 1, 1),
(165, 'สำนักงานปลัด', 'พง 72701', 204, '0-7649-9135', '0-7649-9135', 1, 1),
(166, 'กลุ่มงานบริหารงานทั่วไป', 'พง 0015', 205, '0-7646-0727', '0-7646-0727', 1, 1),
(167, 'กลุ่มงานบริหารงานทั่วไป', 'กค 0611.05', 206, '0-7644-0629', '0-7644-0629', 1, 1),
(168, 'สารบรรณประจำหน่วยงาน', 'พง 0025', 207, '0 7642 1100', '0 7642 2423', 1, 1),
(169, 'เจ้าหน้าที่สารบรรณประจำหน่วยงาน', 'ศธ 04097', 208, '0-7641-1922', '0-7641-1922', 1, 1),
(170, 'เจ้าหน้าที่สารบรรณประจำหน่วยงาน', 'พง 0017', 209, '0-7647-3629', '0-7647-3629', 1, 1),
(171, 'เจ้าหน้าที่สารบรรณประจำหน่วยงาน', 'กค 0311.39', 210, '0 7641 4212', '0 7641 4220', 1, 1),
(172, 'เจ้าหน้าที่สารบรรณประจำหน่วยงาน', 'พง 008', 211, '0-7641-2080', '07641208018', 1, 1),
(173, 'เจ้าหน้าที่สารบรรณประจำหน่วยงาน', 'พง 74301', 212, '0 7649 1682', '0 7649 1581', 1, 1),
(174, 'เจ้าหน้าที่สารบรรณประจำหน่วยงาน', 'พง 0033', 213, '0-7641-1980', '0-7641-2338', 1, 1),
(175, 'เจ้าหน้าที่สารบรรณประจำหน่วยงาน', 'พง 61201', 214, '076-499694', '076-499114', 1, 1),
(176, 'เจ้าหน้าที่สารบรรณประจำหน่วยงาน', 'พง 73701', 215, '076 488619', '076-488620', 1, 1),
(177, 'เจ้าหน้าที่สารบรรณประจำหน่วยงาน', 'พง 0024', 216, '076-481822', '076-481822', 1, 1),
(178, 'เจ้าหน้าที่สารบรรณประจำหน่วยงาน', 'พง 0034', 217, '0-7641-3908', '0-7641-3908', 1, 1),
(179, 'เจ้าหน้าที่สารบรรณประจำหน่วยงาน', 'พง 060(จ)/', 218, '076-411873', '076-413457', 1, 1),
(180, 'เจ้าหน้าที่สารบรรณประจำหน่วยงาน', 'นร 0217.07/', 219, '076460660-1', '076460660-1', 1, 1),
(181, 'เจ้าหน้าที่สารบรรณประจำหน่วยงาน', 'พม.0603.14/', 220, '076-453649', '076-453667', 1, 1),
(182, 'เจ้าหน้าที่สารบรรณประจำหน่วยงาน', 'พง0005', 221, '076 –412179', '07641217918', 1, 1),
(183, 'เจ้าหน้าที่สารบรรณประจำหน่วยงาน', 'พง 7420', 222, '0 7659 9760', '0 7659 9759', 1, 1),
(184, 'เจ้าหน้าที่สารบรรณประจำหน่วยงาน', 'ลต(พง) ๐๗๐๑/', 223, '๐ ๗๖๔๑ ๓๓๓๗', '๐ ๗๖๔๑ ๓๓๓๘', 1, 1),
(185, 'เจ้าหน้าที่สารบรรณประจำหน่วยงาน', 'พง 73401', 224, '0-7648-4195', '0-7648-4296', 1, 1),
(186, 'เจ้าหน้าที่สารบรรณประจำหน่วยงาน', 'พง0026', 225, '0 7646 0616', '0 7646 0618', 1, 1),
(187, 'เจ้าหน้าที่สารบรรณประจำหน่วยงาน', 'พง 0030', 226, '089-2916045', '076-411025', 1, 1),
(188, 'เจ้าหน้าที่สารบรรณประจำหน่วยงาน', 'พง 71701', 227, '076-487163 ', '076-487163 ', 1, 1),
(189, 'เจ้าหน้าที่สารบรรณประจำหน่วยงาน', '72101', 228, '0 7641 0268', '0 7641 0268', 1, 1),
(190, 'เจ้าหน้าที่สารบรรณประจำหน่วยงาน', 'พง 61001', 229, '076-571519', '076-571497', 1, 1),
(191, 'เจ้าหน้าที่สารบรรณประจำหน่วยงาน', '52101', 230, '076-424524', '076-424524', 1, 1),
(192, 'เจ้าหน้าที่สารบรรณประจำหน่วยงาน', 'พง 0017', 231, '076460777-9', '076460777-9', 1, 1),
(193, 'เจ้าหน้าที่สารบรรณประจำหน่วยงาน', 'พง 0518', 173, '0-7659-9117', '0-7659-9117', 1, 1),
(194, 'เจ้าหน้าที่สารบรรณประจำหน่วยงาน', 'พง 72801', 232, '0-7649-4019', '0-7649-4019', 1, 1),
(195, 'เจ้าหน้าที่สารบรรณประจำหน่วยงาน', 'พง 0014', 233, '0-7648-1033', '0-7648-1033', 1, 1),
(196, 'เจ้าหน้าที่สารบรรณประจำหน่วยงาน', 'พง 0025', 234, '0-7648-1524', '0-7648-1523', 1, 1),
(197, 'เจ้าหน้าที่สารบรรณประจำหน่วยงาน', 'ศธ 0644', 235, '0-7645-5085', '0-7645-5085', 1, 1),
(198, 'เจ้าหน้าที่สารบรรณประจำหน่วยงาน', 'รง 0457', 236, '0-7659-9331', '0-7659-9335', 1, 1),
(199, 'เจ้าหน้าที่สารบรรณประจำหน่วยงาน', 'พง ๗๕๐๐', 237, '0-7649-4444', '0-7649-4444', 1, 1),
(200, 'กลุ่มงานปกครอง', 'พง 0018.1', 238, '0-7648-1455', '0-7648-1455', 1, 1),
(201, 'เจ้าหน้าที่สารบรรณประจำหน่วยงาน', '73501', 239, '0-7646-1048', '07646104825', 1, 1),
(202, 'เจ้าหน้าที่สารบรรณประจำหน่วยงาน', '74101', 240, '0-7658-2444', '0-7658-2445', 1, 1),
(203, 'เจ้าหน้าที่สารบรรณประจำหน่วยงาน', 'พง 72601', 241, '0-7659-9377', '07659937718', 1, 1),
(204, 'เจ้าหน้าที่สารบรรณประจำหน่วยงาน', 'กค 0729', 242, '0-7646-0767', '0-7646-0764', 1, 1),
(205, 'เจ้าหน้าที่สารบรรณประจำหน่วยงาน', 'พง 75501', 243, '0-818923433', '0-7645-5766', 1, 1),
(206, 'เจ้าหน้าที่สารบรรณประจำหน่วยงาน', '74001', 244, '0-7646-0053', '0-7646-0008', 1, 1),
(207, 'เจ้าหน้าที่สารบรรณประจำหน่วยงาน', 'พง 74501', 245, '0-7645-3879', '0-7645-3880', 1, 1),
(208, 'เจ้าหน้าที่สารบรรณประจำหน่วยงาน', 'พง 0017', 246, '0-7641-0202', '0-7641-0203', 1, 1),
(209, 'เจ้าหน้าที่สารบรรณประจำหน่วยงาน', 'XXXX', 247, '0-7648-1726', '0-7648-1724', 1, 1),
(210, 'เจ้าหน้าที่สารบรรณประจำหน่วยงาน', 'พง 0028', 248, '0-7646-0673', '0-7646-0673', 1, 1),
(211, 'เจ้าหน้าที่สารบรรณประจำหน่วยงาน', 'พง 0012.1/', 249, '0-7647-1200', '0-7647-1200', 1, 1),
(212, 'เจ้าหน้าที่สารบรรณประจำหน่วยงาน', 'พง 71301', 250, '0-7642-1484', '0-7642-4487', 1, 1),
(213, 'ฝ่ายบริหารทั่วไป', 'กษ 0818.09', 251, '076-461532 ', '076-461532 ', 1, 1),
(214, 'เจ้าหน้าที่สารบรรณประจำหน่วยงาน', '0029.73(10)', 252, '0-7646-0512', '0-7646-0512', 1, 1),
(215, 'สำนักปลัดเทศบาล', 'พง 74401', 253, '0-7659-5084', '0-7659-5062', 1, 1),
(216, 'เจ้าหน้าที่สารบัญประจำหน่วยงาน', 'กษ 2918.11/', 254, '0-7648-1040', '0-7648-1047', 1, 1),
(217, 'เจ้าหน้าที่สารบัญประจำหน่วยงาน', 'พง 0031', 255, '0-7648-1596', '0-7648-1595', 1, 1),
(218, 'เจ้าหน้าที่สารบรรณประจำหน่วยงาน', 'อส 0042(ตะกั่วป่า)/', 256, '0-7642-1122', '0-7642-1330', 1, 1),
(219, 'เจ้าหน้าที่สารบรรณประจำหน่วยงาน', 'พง 615', 257, '0-7759-9417', '0-7759-9417', 1, 1),
(220, 'เจ้าหน้าที่สารบรรณประจำหน่วยงาน', 'อส 0042(พังงา)/', 258, '0-7648-1815', '0-7648-1815', 1, 1),
(221, 'เจ้าหน้าที่สารบรรณประจำหน่วยงาน', 'พง 74801', 259, '0-7641-0317', '0-7641-0317', 1, 1),
(222, 'เจ้าหน้าที่สารบรรณประจำหน่วยงาน', 'พง 0011', 260, '0-7641-1849', '0-7641-1850', 1, 1),
(223, 'เจ้าหน้าที่สารบรรณประจำหน่วยงาน', 'ฝกภ. 5103.6.12/', 261, '0-7646-0503', '0-7646-0503', 1, 1),
(224, 'เจ้าหน้าที่สารบรรณประจำหน่วยงาน', 'พง 71401', 262, '0-7647-3130', '0-7647-3130', 1, 1),
(225, 'เจ้าหน้าที่สารบรรณประจำหน่วยงาน', 'พง 0021/', 263, '0-7646-0607', '0-7646-0607', 1, 1),
(226, 'เจ้าหน้าที่สารบรรณประจำหน่วยงาน', 'พง 0020', 264, '0-7648-1471', '0-7648-1472', 1, 1),
(227, 'เจ้าหน้าที่สารบรรณประจำหน่วยงาน', 'ลช.พง.', 265, '0-7641-1939', '0-7641-1939', 1, 1),
(228, 'เจ้าหน้าที่สารบรรณประจำหน่วยงาน', 'พง 0012', 266, '0-7648-1502', '0-7648-1502', 1, 1),
(229, 'เจ้าหน้าที่สารบรรณประจำหน่วยงาน', 'พง 51001', 267, '0-7648-1484', '0-7648-1480', 1, 1),
(230, 'เจ้าหน้าที่สารบรรณประจำหน่วยงาน', 'พง 0618', 177, '0-7657-1767', '0-7657-1767', 1, 1),
(231, 'เจ้าหน้าที่สารบรรณประจำหน่วยงาน', 'พง 0001', 268, '0-7648-1456', '0-7648-1456', 1, 1),
(232, 'เจ้าหน้าที่สารบรรณประจำหน่วยงาน', 'กษ 0224.พง/', 192, '0-7641-3181', '0-7641-3182', 1, 1),
(233, 'เจ้าหน้าที่สารบรรณประจำหน่วยงาน', 'พง 61601/', 269, '0-7649-1352', '0-7649-1208', 1, 1),
(234, 'เจ้าหน้าที่สารบรรณประจำหน่วยงาน', 'ศธ 04007.430/', 270, '076-455104', '076-455104', 1, 1),
(235, 'กลุ่มการเงินและบัญชี', 'พง 0018.2', 238, '0-7648-1421', '0-7648-1422', 1, 1),
(236, 'กลุ่มงานความมั่นคง', 'พง 0018.3', 238, '0-7648-1430', '0-7648-1430', 1, 1),
(237, 'งานเลขานุการ', 'พง0017.3', 1, '0-7648-1423', '0-7648-1424', 1, 1),
(238, 'สำนักงานสาธารณสุขจังหวัดพังงา', 'พง 0032', 247, '0-7648-1421', '0-7648-1421', 1, 1),
(240, 'โรงพยาบาลเกาะยาวชัยพัฒน์', 'พง 0032.3.7.X/XXXX', 247, '0-7659-7119', '0-7659-7119', 1, 1),
(242, 'โรงพยาบาลกระปงชัยพัฒน์', 'พง 0032.3.5.X/XXXX', 247, '0-7648-1421', '0-7648-1421', 1, 1),
(243, 'กลุ่มอำนวยการ', 'ศธ 0289', 271, '0-7641-0280', '0-7648-0281', 1, 1),
(244, 'กลุ่มงานยุทธศาสตร์', 'พง 0004.x', 272, '0-7645-0912', '0-7645-0913', 1, 1),
(245, 'กลุ่มอำนวยการ', 'ศธ 04244.x', 273, '0-7648-1529', '0-7648-1530', 1, 1),
(246, 'งานอำนวยการ', 'ศธ 5211034.x', 274, '0-7648-1620', '0-7649-0925', 1, 1),
(248, 'กลุ่มบริหารงานบุคคล', 'ศธ 0289', 271, '0-7641-0280', '0-7641-0281', 1, 1),
(249, 'กลุ่มนโยบายและแผน', 'ศธ 0289', 271, '0-7641-0280', '0-7641-0281', 1, 1),
(250, 'กลุ่มพัฒนาการศึกษา', 'ศธ 0289', 271, '0-7641-0280', '0-7641-0281', 1, 1),
(251, 'กลุ่มนิเทศ ติดตาม และประเมินผล', 'ศธ 0289', 271, '0-7641-0280', '0-7641-0281', 1, 1),
(252, 'กลุ่มลูกเสือ ยุวกาชาด และกิจการนักเรียน', 'ศธ 0289', 271, '0-7641-0280', '0-7641-0281', 1, 1),
(253, 'หน่วยตรวจสอบภายใน', 'ศธ 0289', 271, '0-7641-0280', '0-7641-0281', 1, 1),
(254, 'กลุ่มส่งเสริมการศึกษาเอกชน', 'ศธ 0289', 271, '0-7641-0280', '0-7641-0281', 1, 1),
(255, 'ฝ่ายบริหารงานทั่วไป', 'พง 0022', 275, '0-7646-0625', '0-7646-0770', 1, 1),
(256, 'ฝ่ายพัฒนาฝีมือแรงงาน', 'รง 0457', 236, '0-7659-9331', '0-7659-9335', 1, 0),
(258, 'ฝ่ายแผนงานและประเมินผล', 'รง 0457', 236, '0-7659-9331', '0-7659-9335', 1, 0),
(259, 'ฝ่ายมาตรฐานฝีมือแรงงาน', 'รง 0457', 236, '0-7659-9331', '0-7659-9335', 1, 0),
(260, 'ฝ่ายมาตรฐานฝีมือแรงงาน', 'รง 0457', 236, '0-7659-9331', '0-7659-9335', 1, 0),
(261, 'กลุ่มอำนวยการ', 'ศธ 04097', 208, '0-7641-1922', '0-7641-1922', 1, 1),
(262, 'กลุ่มบริหารงานการเงินและสินทรัพย์', 'ศธ 04097', 208, '0-7641-1922', '0-7641-1922', 1, 1),
(263, 'กลุ่มบริหารงานบุคคล', 'ศธ 04097', 208, '0-7641-1984', '0-7641-1984', 1, 1),
(264, 'กลุ่มนโยบายและแผน', 'ศธ 04097', 208, '0-7641-2529', '0-7641-2529', 1, 1),
(265, 'กลุ่มส่งเสริมการจัดการศึกษา', 'ศธ 04097', 208, '0-7641-3379', '0-7641-3379', 1, 1),
(266, 'กลุ่มนิเทศติดตาม และประเมินผลการจัดการศึกษา', 'ศธ 04097', 208, '0-7641-3379', '0-7641-3379', 1, 1),
(267, 'หน่วยตรวจสอบภายใน', 'ศธ 04097', 208, '0-7641-3684', '0-7641-1922', 1, 1),
(268, 'กลุ่มงานบริหารงานทั่วไป', 'พง 0009', 276, '0-7648-1466', '0-7648-1466', 1, 1),
(269, 'สำนักงานสภาเกษตรกรจังหวัดพังงา', 'สกจ.พง0208', 277, '0-7641-4517', '0-7641-4517', 1, 1),
(270, 'โรงพยาบาลตะกั่วป่า', 'พง 0032.2.2', 247, '0-7658-4250', '0-7685-4298', 1, 1),
(271, 'ฝ่ายอำนวยการ สำนักงานที่ดินจังหวัดพังงา', 'พง 0020.1', 264, '0-7648-1471', '0-7648-1472', 1, 1),
(272, 'ฝ่ายทะเบียน สำนักงานที่ดินจังหวัดพังงา', 'พง 0020.2', 264, '0-7648-1471', '0-7648-1472', 1, 1),
(273, 'ฝ่ายรังวัด สำนักงานที่ดินจังหวัดพังงา', 'พง 0020.3', 264, '0-7648-1471', '0-7648-1472', 1, 1),
(274, 'ฝ่ายควบคุมและรักษาหลักฐานที่ดิน', 'พง 0020.4', 264, '0-7648-1471', '0-7648-1472', 1, 1),
(275, 'กลุ่มงานวิชาการที่ดิน สำนักงานที่ดินจังหวัดพังงา', 'พง 0020.5', 264, '0-7648-1471', '0-7648-1472', 1, 1),
(276, 'สำนักงานที่ดินจังหวัดพังงา สาขาตะกั่วป่า', 'พง 0020.01', 264, '0-7642-2477', '0-7642-1011', 1, 1),
(277, 'สำนักงานที่ดินจังหวัดพังงา สาขาท้ายเหมือง', 'พง 0020.02', 264, '0-7657-1217', '0-7657-1633', 1, 1),
(278, 'สำนักงานที่ดินอำเภอกะปง', 'พง 0220', 264, '0-7649-9429', '0-7649-9121', 1, 1),
(279, 'สำนักงานที่ดินอำเภอทับปุด', 'พง 0520', 264, '0-7644-2032', '0-7644-2032', 1, 1),
(280, 'สำนักงานที่ดินอำเภอคุระบุรี', 'พง 0720', 264, '0-7649-1503', '0-7649-1353', 1, 1),
(281, 'สำนักงานที่ดินอำเภอเกาะยาว', 'พง 0820', 264, '0-7659-7209', '0-7659-7003', 1, 1),
(282, 'ศูนย์อำนวยการเดินสำรวจออกโฉนดที่ดินจังหวัดกระบี่-พังงา', 'มท 0516.301', 264, '0-7570-0191', '0-7570-0191', 1, 1),
(283, 'สำนักงานที่ดินจังหวัดพังงา สาขาตะกั่วทุ่ง', 'พง 0020.03', 264, '0-7649-6535', '0-7649-6296', 1, 1),
(284, 'กลุ่มงานบริหารงานทั่วไป', 'กษ 0516.12.1', 278, '0-7649-0787', '0-7649-0787', 1, 1),
(285, 'โรงพยาบาลพังงา', 'พง 0032', 247, '0-7641-2032', '0-7641-1617', 1, 1),
(286, 'โรงพยาบาลบาลไทร', 'พง 0032.3.4.X/XXXX', 247, '0-7646-1078', '0-7646-1010', 1, 1),
(287, 'โรงพยาบาลคุระบุรีชัยพัฒน์', 'พง 0032.3.6.X/XXXX', 247, '0-7649-1709', '0-7649-1379', 1, 1),
(288, 'โรงพยาบาลท้ายเหมืองชัยพัฒน์', 'พง 0032.3.3.X/XXXX', 247, '0-7657-1505', '0-7657-2125', 1, 1),
(289, 'โรงพยาบาลตะกั่วทุ่ง', 'พง 0032.3.2.X/XXXX', 247, '0-7658-1395', '0-7658-1396', 1, 1),
(290, 'โรงพยาบาลทับปุด', 'พง 0032.3.1.X/XXXX', 247, '0-7659-9115', '0-7659-9115', 1, 1),
(291, 'ฝ่ายอำนวยการ', 'สกจ.พง0208', 277, '0-7641-4517', '0-7641-4517', 1, 1),
(292, 'ส่วนยุทธศาสตร์การเกษตร', 'สกจ.พง0208', 277, '0-7641-4517', '0-7641-4517', 1, 1),
(293, 'ส่วนขับเคลื่อนและการมีส่วนร่วม', 'สกจ.พง0208', 277, '0-7641-4517', '0-7641-4517', 1, 1),
(294, 'กลุ่มงานเทคโนโลยีสารสนเทศ', '0023(พง).12', 279, '0-7641-3832', '0-7641-3832', 1, 1),
(295, 'กลุ่มงานสอบสวน', '0023.(พง).21', 279, '0-7641-3571', '0-7641-3571', 1, 1),
(296, 'กลุ่มงานธุรการและกำลังพล', '0023.(พง).11', 279, '0-7641-3568', '0-7641-3568', 1, 1),
(297, 'กลุ่มงานยุทธศาสตร์', '0023(พง).13', 279, '0-7641-3570', '0-7641-3570', 1, 1),
(298, 'กลุ่มงานส่งกำลังบำรุง', '0023(พง).14', 279, '0-7641-1398', '0-7641-1398', 1, 1),
(299, 'กลุ่มงานป้องกันปราบปราม', '0023(พง).15', 279, '0-7641-3570', '0-7641-3570', 1, 1),
(300, 'กลุ่มงานงบประมาณการเงิน', '0023(พง).16', 279, '0-7643-0343', '0-7643-0343', 1, 1),
(301, 'กลุ่มงานคดีวินัย', '0023(พง).17', 279, '0-7643-0503', '0-7643-0503', 1, 1),
(302, 'สภ.เกาะยาว', '0023(พง).(7)', 279, '0-7659-7355', '0-7659-7355', 1, 1),
(303, 'สภ.ตะกั่วป่า', '0023(พง).(52)', 279, '0-7642-1113', '0-7642-1113', 1, 1),
(304, 'สภ.เมืองพังงา', '0023(พง).(43)', 279, '0-7641-2073', '0-7641-2073', 1, 1),
(305, 'สภ.กะปง', '0023(พง).(6)', 279, '0-7649-9378', '0-7649-9378', 1, 1),
(306, 'สภ.คุระบุรี', '0023(พง).(13)', 279, '0-7649-1276', '0-7649-1276', 1, 1),
(307, 'สภ.ตะกั่วทุ่ง', '0023(พง).(10)', 279, '0-7649-6531', '0-7649-6531', 1, 1),
(308, 'สภ.ทับปุด', '0023(พง).(11)', 279, '0-7659-9035', '0-7659-9035', 1, 1),
(309, 'สภ.ท้ายเหมือง', '0023(พง).(12)', 279, '0-7657-1799', '0-7657-1799', 1, 1),
(310, 'สภ.โคกกลอย', '0023(พง).(9)', 279, '0-7658-1490', '0-7658-1490', 1, 1),
(311, 'สภ.เขาหลัก', '0023(พง).(14)', 279, '0-7648-7519', '0-7648-7519', 1, 1),
(312, 'สภ.ตลาดใหญ่', '0023(พง).(15)', 279, '0-7642-5117', '0-7642-5117', 1, 1),
(313, 'สภ.ทุ่งคาโงก', '0023(พง).(13)', 279, '0-7645-0473', '0-7645-0473', 1, 1),
(314, 'สำนักงานปลัดเทศบาล', 'พง 52001', 280, '0-7641-1780', '0-7641-2083', 1, 1),
(315, 'กองช่าง', 'พง 52005', 280, '0-7641-1780', '0-7641-2083', 1, 1),
(316, 'กองวิชาการและแผนงาน', '52007', 280, '0-7641-1780', '0-7641-2083', 1, 1),
(317, 'กองคลัง', '52002', 280, '0-7641-1780', '0-7641-2083', 1, 1),
(318, 'กองสาธารณสุขและสิ่งแวดล้อม', '52004', 280, '0-7641-1780', '0-7641-2083', 1, 1),
(319, 'กองการศึกษา', '52003', 280, '0-7641-1780', '0-7641-2083', 1, 1),
(320, 'กองสวัสดิการและสังคม', '52008', 280, '0-7641-1780', '0-7641-2083', 1, 1),
(321, 'ฝ่ายบริหารงานทั่วไป', 'กษ0324.09', 281, '0-7646-0675', '0-7646-0675', 1, 1),
(322, 'ฝ่ายบริหารงานปกครอง', 'พง 0818', 176, '0-7659-7003', '0-7659-7003', 1, 1),
(323, 'กองคลัง', 'พง 72702', 204, '0-7649-9135', '0-7649-9135', 1, 1),
(324, 'กองช่าง', 'พง 72703', 204, '0-7649-9135', '0-7649-9135', 1, 1),
(325, 'กองการศึกษา', 'พง 72704', 204, '0-7649-9135', '0-7649-9135', 1, 1),
(326, 'กลุ่มงานยุทธศาสตร์การพัฒนาชุมชน', 'พง 0019.1', 12, '0-7648-1458', '0-7648-1459', 1, 1),
(327, 'กลุ่มงานส่งเสริมการพัฒนาชุมชน', 'พง 0019.2', 12, '0-7648-1458', '0-7648-1459', 1, 1),
(328, 'กลุ่มงานสารสนเทศการพัฒนาชุมชน', 'พง 0019.3', 12, '0-7648-1458', '0-7648-1459', 1, 1),
(329, 'กลุ่มงานอำนวยการ', 'อส 0044(พง)', 282, '0-7648-1824', '0-7648-1824', 1, 1),
(330, 'สื่อสาร-ศูนย์191ภ.จว.พังงา', 'police19101', 279, '0-7641-1328', '0-7641-1328', 1, 1),
(331, 'กองกำกับการสืบสวนภ.จว.พังงา', 'police0023', 279, '0-7641-3072', '', 1, 1),
(332, 'ศูนย์อำนวยการป้องกันและปราบปรามยาเสพติด ภ.จว.พังงา', 'policetop01', 279, '', '', 1, 1),
(333, 'สำนักงานสาธารณสุขอำเภอท้ายเหมือง', 'พง 0032/', 247, '0-7657-1492', '0-7657-1127', 1, 1),
(334, 'ฝ่านบริหาร', 'พม 0602.76', 283, '0-7641-0208', '0-7641-0208', 1, 1),
(335, 'ฝ่ายพัฒนาสังคม', 'พม.0602.76', 283, '0-7641-0208', '0-7641-0208', 1, 1),
(336, 'กลุ่มงานอำนวยการ', 'มท 0306.7(8)', 284, '0-7641-4380', '0-7641-1854', 1, 1),
(337, 'สำนักงานสาธารณสุขอำเภอกาะยาว', 'พง 0832', 247, '0-7659-7121', '0-7659-7332', 1, 1),
(338, 'งานห้องประชุม', '-', 1, '0-7648-1423', '0-7648-1424', 1, 1),
(339, 'ผู้ใช้รวม', 'xxxx', 286, '074-613409', '074-613409', 1, 1),
(340, 'กลุ่มงานอำนวยการ', 'xxxxx', 265, '0-74-x-xxxx', '0-76-x-xxxx', 1, 1),
(341, 'กลุ่มงานอำนวยการ', 'xxxxx', 285, 'x-xxxx-', 'x-xxxx-x', 1, 1),
(342, 'กลุ่มงานอำนวยการ', 'พท xxxx', 287, 'x-xxxx-xxxx', 'x-xxxx-xxxx', 1, 1),
(343, 'กลุ่มงานอำนวยการ', '-', 289, '', '', 1, 1),
(344, 'กลุ่มงานอำนวยการ', 'xxxxx', 187, 'x-xxxx-xxxx', 'x-xxxx-xxxx', 1, 1),
(345, 'กลุ่มงานอำนวยการ', 'xxxxx', 290, 'x-xxxx-xxxx', 'x-xxxx-xxxx', 1, 1),
(346, 'กลุ่มงานอำนวยการ', 'xxxxx', 198, 'x-xxxx-xxxx', 'x-xxxx-xxxx', 1, 1),
(347, 'อำนวยการ', 'xxxx', 291, '0-000000000', '00000000000', 1, 1),
(348, 'กลุ่มงานอำนวยการ', 'xxxxx', 292, '0-74-x-xxxx', '0-74xx-xxxx', 1, 1),
(349, 'ฝ่ายอำนวยการ', 'พท xxxx', 293, '0-74-x-xxxx', '0-74xx-xxxx', 1, 1),
(350, 'ฝ่ายจัดหาที่ดินที่ 3/4 ', 'xxxxx', 294, '0-7439-0140', '0-7439-0140', 1, 1),
(351, 'กลุ่มงานบริหารงานทั่วไป', 'xxxx', 295, '0-7460-8727', '0-7460-8727', 1, 1),
(352, 'กลุ่มงานอำนวยการ', 'xxxxx', 296, '0-74-x-xxxx', '0-74xx-xxxx', 1, 1),
(353, 'กลุ่มงานอำนวยการ', 'พท xxxx', 270, '0-7482-9655', '0-7482-9578', 1, 1);

-- --------------------------------------------------------

--
-- โครงสร้างตาราง `sys_year`
--

DROP TABLE IF EXISTS `sys_year`;
CREATE TABLE IF NOT EXISTS `sys_year` (
  `yid` int(3) NOT NULL AUTO_INCREMENT COMMENT 'รหัสปีปฏิทิน',
  `yname` varchar(4) NOT NULL COMMENT 'ปีปฏิทิน',
  `status` int(1) NOT NULL COMMENT 'สถานะ',
  PRIMARY KEY (`yid`)
) ENGINE=InnoDB AUTO_INCREMENT=13 DEFAULT CHARSET=utf8 COMMENT='ปีปฏิทิน';

--
-- dump ตาราง `sys_year`
--

INSERT INTO `sys_year` (`yid`, `yname`, `status`) VALUES
(10, '2561', 0),
(11, '2562', 0),
(12, '2563', 1);

-- --------------------------------------------------------

--
-- โครงสร้างตาราง `user`
--

DROP TABLE IF EXISTS `user`;
CREATE TABLE IF NOT EXISTS `user` (
  `u_id` int(4) NOT NULL AUTO_INCREMENT COMMENT 'รหัสผู้ใช้',
  `sec_id` int(2) NOT NULL COMMENT 'รหัสแผนก',
  `dep_id` int(2) NOT NULL COMMENT 'รหัสหน่วยงาน',
  `level_id` int(2) NOT NULL COMMENT 'สิทธิ์การใช้งาน',
  `u_name` varchar(15) NOT NULL COMMENT 'username',
  `u_pass` varchar(15) NOT NULL COMMENT 'password',
  `firstname` varchar(50) NOT NULL COMMENT 'ชื่อ',
  `lastname` varchar(50) NOT NULL COMMENT 'นามสกุล',
  `position` varchar(80) NOT NULL COMMENT 'ตำแหน่ง',
  `user_last_login` timestamp NOT NULL DEFAULT current_timestamp() ON UPDATE current_timestamp() COMMENT 'วันที่เข้าระบบล่าสุด',
  `date_create` date NOT NULL COMMENT 'วันที่สร้าง',
  `status` int(1) NOT NULL COMMENT 'สถานะการใช้งาน',
  `email` varchar(50) NOT NULL,
  `keyman` int(1) NOT NULL COMMENT 'สิทธิ์รับหนังสือ',
  PRIMARY KEY (`u_id`),
  KEY `fk_user_section1_idx` (`sec_id`),
  KEY `fk_user_user_level1_idx` (`level_id`)
) ENGINE=InnoDB AUTO_INCREMENT=782 DEFAULT CHARSET=utf8 COMMENT='จัดเก็บข้อมูลผู้ใช้งาน';

--
-- dump ตาราง `user`
--

INSERT INTO `user` (`u_id`, `sec_id`, `dep_id`, `level_id`, `u_name`, `u_pass`, `firstname`, `lastname`, `position`, `user_last_login`, `date_create`, `status`, `email`, `keyman`) VALUES
(1, 1, 1, 1, 'admin', 'hellojava', 'สมศักดิ์', 'แก้วเกลี้ยง', 'นักวิชาการคอมพิวเตอร์ชำนาญการ', '2022-11-15 08:54:59', '2017-12-08', 1, 'fenics128@gmail.com', 0),
(348, 339, 286, 5, 'user01', 'logon', 'สำนักงานจังหวัดพัทลุง', '', '', '2021-03-31 07:55:04', '0000-00-00', 1, '', 0),
(349, 339, 286, 5, 'user02', 'logon', 'ที่ทำการปกครองจังหวัดพัทลุง', '', '', '2020-10-19 03:31:41', '0000-00-00', 1, '', 0),
(350, 339, 286, 5, 'user03', 'logon', 'สำนักงานพัฒนาชุมชนจังหวัดพัทลุง', '', '', '2020-10-19 03:28:24', '0000-00-00', 1, '', 0),
(351, 339, 286, 5, 'user04', 'logon', 'สำนักงานโยธาธิการและผังเมืองจังหวัดพัทลุง', '', '', '2020-10-19 06:53:58', '0000-00-00', 1, '', 0),
(352, 339, 286, 5, 'user05', 'logon', 'สำนักงานที่ดินจังหวัดพัทลุง', '', '', '2019-10-09 06:41:17', '0000-00-00', 1, '', 0),
(353, 163, 10, 3, 'user06', 'logon', 'สำนักงานคลังจังหวัดพัทลุง', '', '', '2020-10-19 07:41:17', '2020-02-18', 1, '', 1),
(354, 339, 286, 5, 'user07', 'logon', 'สำนักงานสาธารณสุขจังหวัดพัทลุง', '', '', '2020-10-19 06:41:12', '0000-00-00', 1, '', 0),
(355, 339, 286, 5, 'user08', 'logon', 'สำนักงานเกษตรและสหกรณ์จังหวัดพัทลุง', '', '', '2020-10-16 09:27:15', '0000-00-00', 1, '', 0),
(356, 339, 286, 5, 'user09', 'logon', 'สำนักงานประมงจังหวัดพัทลุง', '', '', '2020-10-16 02:36:55', '0000-00-00', 1, '', 0),
(357, 339, 286, 5, 'user10', 'logon', 'สำนักงานเกษตรจังหวัดพัทลุง', '', '', '2020-10-19 07:38:34', '0000-00-00', 1, '', 0),
(358, 339, 286, 5, 'user11', 'logon', 'สำนักงานปศุสัตว์จังหวัดพัทลุง', '', '', '2020-10-05 03:25:07', '0000-00-00', 1, '', 0),
(359, 339, 286, 5, 'user12', 'logon', 'สำนักงานการปฏิรูปที่ดินจังหวัดพัทลุง', '', '', '2020-10-19 06:33:06', '0000-00-00', 1, '', 0),
(360, 339, 286, 5, 'user13', 'logon', 'สำนักงานสหกรณ์จังหวัดพัทลุง', '', '', '2020-10-19 05:30:24', '0000-00-00', 1, '', 0),
(361, 228, 266, 5, 'ptl214', 'ptl214', 'สำนักงานขนส่งจังหวัดพัทลุง', '', '', '2020-10-16 07:17:50', '2020-02-18', 1, '', 0),
(362, 339, 286, 5, 'user16', 'logon', 'สำนักงานอุตสาหกรรมจังหวัดพัทลุง', '', '', '2019-07-04 09:34:19', '2019-07-04', 0, '', 0),
(363, 339, 286, 5, 'user17', 'logon', 'สำนักงานพาณิชย์จังหวัดพัทลุง', '', '', '2020-10-12 08:35:04', '0000-00-00', 1, '', 0),
(364, 339, 286, 5, 'user18', 'logon', 'สำนักงานแรงงานจังหวัดพัทลุง', '', '', '2020-10-19 06:53:31', '0000-00-00', 1, '', 0),
(365, 339, 286, 5, 'user19', 'logon', 'สำนักงานประกันสังคมจังหวัดพัทลุง', '', '', '2020-10-14 11:18:15', '0000-00-00', 1, '', 0),
(366, 339, 286, 5, 'user22', 'logon', 'สำนักงานพัฒนาสังคมและความมั่นคงของมนุษย์', '', '', '2021-03-31 09:49:55', '0000-00-00', 1, '', 0),
(367, 339, 286, 5, 'user37', 'logon', 'สำนักงานป้องกันและบรรเทาสาธารณภัยจังหวัดพัทลุง', '', '', '2020-10-16 08:38:57', '0000-00-00', 1, '', 0),
(368, 339, 286, 5, 'user36', 'logon', 'สำนักงานท้องถิ่นจังหวัดพัทลุง', '', '', '2020-10-19 06:03:53', '0000-00-00', 1, '', 0),
(369, 339, 286, 5, 'user27', 'logon', 'สำนักงานวัฒนธรรมจังหวัดพัทลุง', '', '', '2020-10-16 07:43:22', '0000-00-00', 1, '', 0),
(370, 339, 286, 5, 'user26', 'logon', 'สำนักงานพระพุทธศาสนาจังหวัดพัทลุง', '', '', '2020-10-16 08:05:49', '0000-00-00', 1, '', 0),
(371, 339, 286, 5, 'user23', 'logon', 'สำนักงานประชาสัมพันธ์จังหวัดพัทลุง', '', '', '2019-03-21 04:57:01', '0000-00-00', 1, '', 0),
(372, 339, 286, 5, 'user25', 'logon', 'สำนักงานทรัพยากรธรรมชาติและสิ่งแวดล้อมจังหวัดพัทลุ', '', '', '2020-10-15 07:19:42', '0000-00-00', 1, '', 0),
(373, 339, 286, 5, 'user21', 'logon', 'สำนักงานจัดหางานจังหวัดพัทลุง', '', '', '2020-10-14 01:52:58', '0000-00-00', 1, '', 0),
(375, 339, 286, 5, 'user38', 'logon', 'สรรพากรจังหวัดพัทลุง', '', '', '2019-03-21 04:57:01', '0000-00-00', 1, '', 0),
(376, 339, 286, 5, 'user41', 'logon', 'ฝ่ายอำนวยการ สำนักงานจังหวัดพัทลุง', '', '', '2019-03-21 04:57:01', '0000-00-00', 1, '', 0),
(377, 339, 286, 5, 'user42', 'logon', 'สำนักงานพลังงานจังหวัดพัทลุง', '', '', '2020-10-19 01:48:31', '0000-00-00', 1, '', 0),
(378, 339, 286, 5, 'user43', 'logon', 'สำนักงานพัฒนาธุรกิจการค้าจังหวัดพัทลุง', '', '', '2019-03-21 04:57:01', '0000-00-00', 1, '', 0),
(379, 339, 286, 5, 'user44', 'logon', 'สำนักงานการค้าภายในจังหวัดพัทลุง', '', '', '2019-03-21 04:57:01', '0000-00-00', 1, '', 0),
(380, 339, 286, 5, 'user45', 'logon', 'สำนักงานประกันภัยจังหวัดพัทลุง', '', '', '2019-03-25 09:17:56', '0000-00-00', 1, '', 0),
(381, 339, 286, 5, 'user46', 'logon', 'ศูนย์พัฒนาฝีมือแรงงานจังหวัดพัทลุง', '', '', '2020-05-22 03:56:02', '0000-00-00', 1, '', 0),
(382, 339, 286, 5, 'user47', 'logon', 'สถานีวิทยุกระจายเสียงแห่งประเทศไทยจังหวัดพัทลุง', '', '', '2019-03-21 04:57:01', '0000-00-00', 1, '', 0),
(383, 339, 286, 5, 'user48', 'logon', 'ศูนย์เมล็ดพันธุ์ข้าวพัทลุง', '', '', '2019-03-21 04:57:01', '0000-00-00', 1, '', 0),
(384, 339, 286, 5, 'user49', 'logon', 'ศูนย์อุทกวิทยาและบริหารน้ำภาคใต้', '', '', '2019-03-21 04:57:01', '0000-00-00', 1, '', 0),
(385, 339, 286, 5, 'user50', 'logon', 'โครงการชลประทานพัทลุง', '', '', '2020-09-18 08:36:27', '0000-00-00', 1, '', 0),
(386, 339, 286, 5, 'user51', 'logon', 'ศูนย์วิจัยข้าวพัทลุง', '', '', '2019-03-21 04:57:01', '0000-00-00', 1, '', 0),
(387, 339, 286, 5, 'user52', 'logon', 'ศูนย์ปฏิบัติการวิศวกรรมการเกษตรเขต 4', '', '', '2019-03-21 04:57:01', '0000-00-00', 1, '', 0),
(388, 339, 286, 5, 'user53', 'logon', 'ศูนย์วิจัยและพัฒนาประมงน้ำจืดพัทลุง', '', '', '2019-03-21 04:57:01', '0000-00-00', 1, '', 0),
(389, 339, 286, 5, 'user54', 'logon', 'สถานีพัฒนาอาหารสัตว์พัทลุง', '', '', '2019-03-21 04:57:01', '0000-00-00', 1, '', 0),
(390, 339, 286, 5, 'user55', 'logon', 'สถานีพัฒนาที่ดินพัทลุง', '', '', '2019-03-21 04:57:01', '0000-00-00', 1, '', 0),
(391, 339, 286, 5, 'user56', 'logon', 'สำนักงานตรวจบัญชีสหกรณ์จังหวัดพัทลุง', '', '', '2020-04-02 04:10:42', '0000-00-00', 1, '', 0),
(392, 339, 286, 5, 'user57', 'logon', 'หน่วยป้องกันและปราบปรามการประมงน้ำจืดพัทลุง', '', '', '2019-03-21 04:57:01', '0000-00-00', 1, '', 0),
(393, 339, 286, 5, 'user58', 'logon', 'สวนพฤษศาสตร์ภาคใต้ จังหวัดพัทลุง', '', '', '2019-03-21 04:57:01', '0000-00-00', 1, '', 0),
(394, 339, 286, 5, 'user59', 'logon', 'เขตห้ามล่าสัตว์ป่าทะเลน้อย', '', '', '2020-10-19 01:33:41', '0000-00-00', 1, '', 0),
(395, 339, 286, 5, 'user60', 'logon', 'สถานีพัฒนาและส่งเสริมการอนุรักษ์สัตว์ป่าทะเลน้อย', '', '', '2019-03-21 04:57:01', '0000-00-00', 1, '', 0),
(396, 339, 286, 5, 'user61', 'logon', 'เขตรักษาพันธุ์สัตว์ป่าเขาบรรทัด', '', '', '2019-03-21 04:57:01', '0000-00-00', 1, '', 0),
(397, 339, 286, 5, 'user62', 'logon', 'อุทยานแห่งชาติเข่าปู่-เขาย่า', '', '', '2019-03-21 04:57:01', '0000-00-00', 1, '', 0),
(398, 339, 286, 5, 'user63', 'logon', 'นิคมสร้างตนเองควนขนุน', '', '', '2020-09-09 02:38:15', '0000-00-00', 1, '', 0),
(399, 339, 286, 5, 'user64', 'logon', 'แขวงการทางพัทลุง', '', '', '2019-03-21 04:57:01', '0000-00-00', 1, '', 0),
(400, 339, 286, 5, 'user65', 'logon', 'ทางหลวงชนบทจังหวัดพัทลุง', '', '', '2019-03-21 04:57:01', '0000-00-00', 1, '', 0),
(401, 339, 286, 5, 'user66', 'logon', 'สำนักงานการท่องเที่ยวและกีฬาจังหวัดพัทลุง', '', '', '2020-10-15 02:49:14', '0000-00-00', 1, '', 0),
(402, 339, 286, 5, 'user67', 'logon', 'สถานีอุตุนิยมวิทยาจังหวัดพัทลุง', '', '', '2019-03-21 04:57:01', '0000-00-00', 1, '', 0),
(403, 339, 286, 5, 'user68', 'logon', 'หน่วยควบคุมโรคติดต่อด้วยแมลงที่ 5', '', '', '2019-03-21 04:57:01', '0000-00-00', 1, '', 0),
(404, 339, 286, 5, 'user69', 'logon', 'สำนักงานเขตพื้นที่การศึกษาพัทลุง', '', '', '2019-03-21 04:57:01', '0000-00-00', 1, '', 0),
(405, 339, 286, 5, 'user70', 'logon', 'สำนักงาน กศน.จังหวัดพัทลุง', '', '', '2020-08-17 03:32:00', '0000-00-00', 1, '', 0),
(406, 339, 286, 5, 'user71', 'logon', 'วิทยาลัยนาฏศิลปพัทลุง', '', '', '2019-03-21 04:57:01', '0000-00-00', 1, '', 0),
(407, 339, 286, 5, 'user72', 'logon', 'วิทยาลัยเกษตรและเทคโนโลยีพัทลุง', '', '', '2019-03-21 04:57:01', '0000-00-00', 1, '', 0),
(408, 339, 286, 5, 'user73', 'logon', 'วิทยาลัยเทคนิคพัทลุง', '', '', '2019-03-21 04:57:01', '0000-00-00', 1, '', 0),
(417, 339, 286, 5, 'user100', 'logon', 'องค์การบริหารส่วนตำบลท่าแค', '', '', '2019-03-21 04:57:01', '0000-00-00', 1, '', 0),
(418, 339, 286, 5, 'user101', 'logon', 'องค์การบริหารส่วนตำบลท่ามิหรำ', '', '', '2019-03-21 04:57:01', '0000-00-00', 1, '', 0),
(419, 339, 286, 5, 'user102', 'logon', 'องค์การบริหารส่วนตำบลนาท่อม', '', '', '2019-03-21 04:57:01', '0000-00-00', 1, '', 0),
(420, 339, 286, 5, 'user103', 'logon', 'องค์การบริหารส่วนตำบลนาโหนด', '', '', '2020-04-14 07:32:36', '0000-00-00', 1, '', 0),
(421, 339, 286, 5, 'user104', 'logon', 'องค์การบริหารส่วนตำบลปรางหมู่', '', '', '2019-03-21 04:57:01', '0000-00-00', 1, '', 0),
(422, 339, 286, 5, 'user105', 'logon', 'องค์การบริหารส่วนตำบลพญาขัน', '', '', '2019-03-21 04:57:01', '0000-00-00', 1, '', 0),
(423, 339, 286, 5, 'user106', 'logon', 'องค์การบริหารส่วนตำบลร่มเมือง', '', '', '2019-03-21 04:57:01', '0000-00-00', 1, '', 0),
(424, 339, 286, 5, 'user107', 'logon', 'องค์การบริหารส่วนตำบลลำปำ', '', '', '2019-03-21 04:57:01', '0000-00-00', 1, '', 0),
(425, 339, 286, 5, 'user108', 'logon', 'องค์การบริหารส่วนตำบลควนขนุน', '', '', '2019-03-21 04:57:01', '0000-00-00', 1, '', 0),
(426, 339, 286, 5, 'user109', 'logon', 'องค์การบริหารส่วนตำบลชะมวง', '', '', '2019-03-21 04:57:01', '0000-00-00', 1, '', 0),
(427, 339, 286, 5, 'user110', 'logon', 'องค์การบริหารส่วนตำบลนาขยาด', '', '', '2019-03-21 04:57:01', '0000-00-00', 1, '', 0),
(428, 339, 286, 5, 'user111', 'logon', 'องค์การบริหารส่วนตำบลปันแต', '', '', '2020-07-29 04:38:44', '0000-00-00', 1, '', 0),
(429, 339, 286, 5, 'user112', 'logon', 'องค์การบริหารส่วนตำบลพนมวังก์', '', '', '2019-03-21 04:57:01', '0000-00-00', 1, '', 0),
(430, 339, 286, 5, 'user113', 'logon', 'องค์การบริหารส่วนตำบลพนางตุง', '', '', '2019-03-21 04:57:01', '0000-00-00', 1, '', 0),
(431, 339, 286, 5, 'user114', 'logon', 'องค์การบริหารส่วนตำบลมะกอกเหนือ', '', '', '2019-03-21 04:57:01', '0000-00-00', 1, '', 0),
(432, 339, 286, 5, 'user115', 'logon', 'องค์การบริหารส่วนตำบลดอนทราย', '', '', '2019-03-21 04:57:01', '0000-00-00', 1, '', 0),
(433, 339, 286, 5, 'user116', 'logon', 'องค์การบริหารส่วนตำบลทะเลน้อย', '', '', '2019-03-21 04:57:01', '0000-00-00', 1, '', 0),
(434, 339, 286, 5, 'user117', 'logon', 'องค์การบริหารส่วนตำบลแพรกหา', '', '', '2019-03-21 04:57:01', '0000-00-00', 1, '', 0),
(435, 339, 286, 5, 'user120', 'logon', 'องค์การบริหารส่วนตำบลเขาย่า', '', '', '2019-03-21 04:57:01', '0000-00-00', 1, '', 0),
(436, 339, 286, 5, 'user121', 'logon', 'องค์การบริหารส่วนตำบลตะแพน', '', '', '2020-04-08 06:15:20', '0000-00-00', 1, '', 0),
(437, 339, 286, 5, 'user122', 'logon', 'องค์การบริหารส่วนตำบลเขาปู่', '', '', '2019-03-21 04:57:01', '0000-00-00', 1, '', 0),
(438, 339, 286, 5, 'user123', 'logon', 'องค์การบริหารส่วนตำบลเกาะเต่า', '', '', '2019-03-21 04:57:01', '0000-00-00', 1, '', 0),
(439, 339, 286, 5, 'user124', 'logon', 'องค์การบริหารส่วนตำบลบ้านพร้าว', '', '', '2019-03-21 04:57:01', '0000-00-00', 1, '', 0),
(440, 339, 286, 5, 'user125', 'logon', 'องค์การบริหารส่วนตำบลป่าพะยอม', '', '', '2019-03-21 04:57:01', '0000-00-00', 1, '', 0),
(441, 339, 286, 5, 'user126', 'logon', 'องค์การบริหารส่วนตำบลลานข่อย', '', '', '2019-03-21 04:57:01', '0000-00-00', 1, '', 0),
(442, 339, 286, 5, 'user127', 'logon', 'องค์การบริหารส่วนตำบลเขาชัยสน', '', '', '2019-03-21 04:57:01', '0000-00-00', 1, '', 0),
(443, 339, 286, 5, 'user128', 'logon', 'องค์การบริหารส่วนตำบลควนขนุน', '', '', '2019-03-21 04:57:01', '0000-00-00', 1, '', 0),
(444, 339, 286, 5, 'user129', 'logon', 'องค์การบริหารส่วนตำบลโคกม่วง', '', '', '2019-03-21 04:57:01', '0000-00-00', 1, '', 0),
(445, 339, 286, 5, 'user130', 'logon', 'องค์การบริหารส่วนตำบลหานโพธิ์', '', '', '2019-03-21 04:57:01', '0000-00-00', 1, '', 0),
(446, 339, 286, 5, 'user131', 'logon', 'องค์การบริหารส่วนตำบลจองถนน', '', '', '2019-03-21 04:57:01', '0000-00-00', 1, '', 0),
(447, 339, 286, 5, 'user132', 'logon', 'องค์การบริหารส่วนตำบลดอนประดู่', '', '', '2019-03-21 04:57:01', '0000-00-00', 1, '', 0),
(448, 339, 286, 5, 'user133', 'logon', 'องค์การบริหารส่วนตำบลปากพะยูน', '', '', '2019-03-21 04:57:01', '0000-00-00', 1, '', 0),
(449, 339, 286, 5, 'user134', 'logon', 'องค์การบริหารส่วนตำบลฝาละมี', '', '', '2019-03-21 04:57:01', '0000-00-00', 1, '', 0),
(450, 339, 286, 5, 'user135', 'logon', 'องค์การบริหารส่วนตำบลหารเทา', '', '', '2019-03-21 04:57:01', '0000-00-00', 1, '', 0),
(451, 339, 286, 5, 'user136', 'logon', 'องค์การบริหารส่วนตำบลดอนทราย', '', '', '2019-03-21 04:57:01', '0000-00-00', 1, '', 0),
(452, 339, 286, 5, 'user137', 'logon', 'องค์การบริหารส่วนตำบลเกาะนางคำ', '', '', '2019-03-21 04:57:01', '0000-00-00', 1, '', 0),
(453, 339, 286, 5, 'user138', 'logon', 'องค์การบริหารส่วนตำบลเกาะหมาก', '', '', '2019-03-21 04:57:01', '0000-00-00', 1, '', 0),
(454, 339, 286, 5, 'user139', 'logon', 'องค์การบริหารส่วนตำบลวังใหม่', '', '', '2019-03-21 04:57:01', '0000-00-00', 1, '', 0),
(455, 339, 286, 5, 'user140', 'logon', 'องค์การบริหารส่วนตำบลโคกทราย', '', '', '2019-03-21 04:57:01', '0000-00-00', 1, '', 0),
(456, 339, 286, 5, 'user141', 'logon', 'องค์การบริหารส่วนตำบลทุ่งนารี', '', '', '2019-03-21 04:57:01', '0000-00-00', 1, '', 0),
(457, 339, 286, 5, 'user142', 'logon', 'องค์การบริหารส่วนตำบลป่าบอน', '', '', '2019-03-21 04:57:01', '0000-00-00', 1, '', 0),
(458, 339, 286, 5, 'user143', 'logon', 'องค์การบริหารส่วนตำบลหนองธง', '', '', '2019-03-21 04:57:01', '0000-00-00', 1, '', 0),
(459, 339, 286, 5, 'user144', 'logon', 'องค์การบริหารส่วนตำบลโคกสัก', '', '', '2019-03-21 04:57:01', '0000-00-00', 1, '', 0),
(460, 339, 286, 5, 'user145', 'logon', 'องค์การบริหารส่วนตำบลนาปะขอ', '', '', '2019-03-21 04:57:01', '0000-00-00', 1, '', 0),
(461, 339, 286, 5, 'user146', 'logon', 'องค์การบริหารส่วนตำบลท่ามะเดื่อ', '', '', '2019-03-21 04:57:01', '0000-00-00', 1, '', 0),
(462, 339, 286, 5, 'user147', 'logon', 'องค์การบริหารส่วนตำบลคลองใหญ่', '', '', '2019-03-21 04:57:01', '0000-00-00', 1, '', 0),
(463, 339, 286, 5, 'user148', 'logon', 'องค์การบริหารส่วนตำบลตะโหมด', '', '', '2019-03-21 04:57:01', '0000-00-00', 1, '', 0),
(464, 339, 286, 5, 'user149', 'logon', 'องค์การบริหารส่วนตำบลแม่ขรี', '', '', '2019-03-21 04:57:01', '0000-00-00', 1, '', 0),
(465, 339, 286, 5, 'user150', 'logon', 'องค์การบริหารส่วนตำบลชะรัด', '', '', '2019-03-21 04:57:01', '0000-00-00', 1, '', 0),
(466, 339, 286, 5, 'user151', 'logon', 'องค์การบริหารส่วนตำบลคลองเฉลิม', '', '', '2019-03-21 04:57:01', '0000-00-00', 1, '', 0),
(467, 339, 286, 5, 'user152', 'logon', 'องค์การบริหารส่วนตำบลคลองทรายขาว', '', '', '2019-03-21 04:57:01', '0000-00-00', 1, '', 0),
(468, 339, 286, 5, 'user153', 'logon', 'องค์การบริหารส่วนตำบลกงหรา', '', '', '2019-03-21 04:57:01', '0000-00-00', 1, '', 0),
(469, 339, 286, 5, 'user154', 'logon', 'องค์การบริหารส่วนตำบลสมหวัง', '', '', '2019-03-21 04:57:01', '0000-00-00', 1, '', 0),
(470, 339, 286, 5, 'user155', 'logon', 'องค์การบริหารส่วนตำบลชุมพล', '', '', '2019-03-21 04:57:01', '0000-00-00', 1, '', 0),
(471, 339, 286, 5, 'user156', 'logon', 'องค์การบริหารส่วนตำบลบ้านนา', '', '', '2019-03-21 04:57:01', '0000-00-00', 1, '', 0),
(472, 339, 286, 5, 'user157', 'logon', 'องค์การบริหารส่วนตำบลลำสินธุ์', '', '', '2019-03-21 04:57:01', '0000-00-00', 1, '', 0),
(473, 339, 286, 5, 'user158', 'logon', 'องค์การบริหารส่วนตำบลอ่างทอง', '', '', '2019-03-21 04:57:01', '0000-00-00', 1, '', 0),
(474, 339, 286, 5, 'user159', 'logon', 'อำเภอเมืองพัทลุง', '', '', '2019-03-21 04:57:01', '0000-00-00', 1, '', 0),
(475, 339, 286, 5, 'user160', 'logon', 'อำเภอควนขนุน', '', '', '2019-03-21 04:57:01', '0000-00-00', 1, '', 0),
(476, 339, 286, 5, 'user161', 'logon', 'อำเภอเขาชัยสน', '', '', '2019-03-21 04:57:01', '0000-00-00', 1, '', 0),
(477, 339, 286, 5, 'user162', 'logon', 'อำเภอปากพะยูน', '', '', '2019-03-21 04:57:01', '0000-00-00', 1, '', 0),
(478, 339, 286, 5, 'user163', 'logon', 'อำเภอกงหรา', '', '', '2019-03-21 04:57:01', '0000-00-00', 1, '', 0),
(479, 339, 286, 5, 'user188', 'logon', 'สนง.ธนารักษ์', '', '', '2020-10-14 08:29:05', '0000-00-00', 1, '', 0),
(480, 339, 286, 5, 'user165', 'logon', 'อำเภอป่าบอน', '', '', '2019-03-21 04:57:01', '0000-00-00', 1, '', 0),
(481, 339, 286, 5, 'user170', 'logon', 'กองทุนฟื้นฟูและพัฒนาเกษตรกรจังหวัดพัทลุง', '', '', '2019-03-21 04:57:01', '0000-00-00', 1, '', 0),
(482, 339, 286, 5, 'user180', 'logon', 'สมาคมกำนันผู้ใหญ่บ้านจังหวัดพัทลุง', '', '', '2019-07-03 07:02:07', '0000-00-00', 1, '', 0),
(483, 339, 286, 5, 'user10', 'logon', 'สำนักงานเกษตรจังหวัดพัทลุง', '', '', '2019-03-21 04:57:01', '0000-00-00', 1, '', 0),
(484, 339, 286, 5, 'user11', 'logon', 'สำนักงานเกษตรจังหวัดพัทลุง', '', '', '2019-03-21 04:57:01', '0000-00-00', 1, '', 0),
(487, 339, 286, 5, 'user1100', 'logon', 'สำนักงานจังหวัดพัทลุง', '', '', '2019-03-21 04:57:01', '0000-00-00', 1, '', 0),
(488, 339, 286, 5, 'user24', 'logon', 'สำนักงานสถิติจังหวัด', '', '', '2020-09-23 07:05:25', '0000-00-00', 1, '', 0),
(489, 339, 286, 5, 'user32', 'logon', 'สำนักงานคุมประพฤติจังหวัดพัทลุง', '', '', '2020-10-15 09:16:24', '0000-00-00', 1, '', 0),
(490, 339, 286, 5, 'prdnews', 'logon', 'ประชาสัมพันธ์', '', '', '2020-10-08 07:35:34', '0000-00-00', 1, '', 0),
(491, 339, 286, 5, 'prdnews', 'logon', 'พี่อาร์', '', '', '2019-03-21 04:57:01', '0000-00-00', 1, '', 0),
(492, 339, 286, 5, 'user181', 'logon', 'สำนักงานป้องกันและปราบปรามการทุจริตแห่งชาติประจำจั', '', '', '2019-03-21 04:57:01', '0000-00-00', 1, '', 0),
(493, 339, 286, 5, 'user15', 'logon', 'สำนักงานขนส่งจังหวัดพัทลุง', '', '', '2020-06-10 07:57:47', '0000-00-00', 1, '', 0),
(494, 339, 286, 5, 'user27', 'logon', 'สำนักงานวัฒนธรรมจังหวัดพัทลุง', '', '', '2019-03-21 04:57:01', '0000-00-00', 1, '', 0),
(495, 339, 286, 5, 'user28', 'logon', 'โรงพยาบาลจังหวัดพัทลุง', '', '', '2020-10-19 04:19:34', '0000-00-00', 1, '', 0),
(498, 339, 286, 5, 'user169', 'logon', 'อำเภอศรีนครินทร์', '', '', '2019-03-21 04:57:01', '0000-00-00', 1, '', 0),
(499, 339, 286, 5, 'user167', 'logon', 'อำเภอป่าพะยอม', '', '', '2019-03-21 04:57:01', '0000-00-00', 1, '', 0),
(500, 339, 286, 5, 'user166', 'logon', 'อำเภอศรีบรรพต', '', '', '2019-03-21 04:57:01', '0000-00-00', 1, '', 0),
(501, 339, 286, 5, 'admin', 'logon', 'Administrator', '', '', '2020-10-16 09:35:51', '0000-00-00', 1, '', 0),
(502, 339, 286, 5, 'user01', 'logon', 'สำนักงานจังหวัดพัทลุง', '', '', '2019-03-21 04:57:01', '0000-00-00', 1, '', 0),
(503, 339, 286, 5, 'user02', 'logon', 'ที่ทำการปกครองจังหวัดพัทลุง', '', '', '2019-03-21 04:57:01', '0000-00-00', 1, '', 0),
(504, 339, 286, 5, 'user03', 'logon', 'สำนักงานพัฒนาชุมชนจังหวัดพัทลุง', '', '', '2019-03-21 04:57:01', '0000-00-00', 1, '', 0),
(505, 339, 286, 5, 'user04', 'logon', 'สำนักงานโยธาธิการและผังเมืองจังหวัดพัทลุง', '', '', '2019-03-21 04:57:01', '0000-00-00', 1, '', 0),
(506, 339, 286, 5, 'user05', 'logon', 'สำนักงานที่ดินจังหวัดพัทลุง', '', '', '2019-03-21 04:57:01', '0000-00-00', 1, '', 0),
(507, 339, 286, 5, 'user06', 'logon', 'สำนักงานคลังจังหวัดพัทลุง', '', '', '2019-03-21 04:57:01', '0000-00-00', 1, '', 0),
(508, 339, 286, 5, 'user07', 'logon', 'สำนักงานสาธารณสุขจังหวัดพัทลุง', '', '', '2019-03-21 04:57:01', '0000-00-00', 1, '', 0),
(509, 339, 286, 5, 'user08', 'logon', 'สำนักงานเกษตรและสหกรณ์จังหวัดพัทลุง', '', '', '2019-03-21 04:57:01', '0000-00-00', 1, '', 0),
(510, 339, 286, 5, 'user09', 'logon', 'สำนักงานประมงจังหวัดพัทลุง', '', '', '2019-03-21 04:57:01', '0000-00-00', 1, '', 0),
(511, 339, 286, 5, 'user10', 'logon', 'สำนักงานเกษตรจังหวัดพัทลุง', '', '', '2019-03-21 04:57:01', '0000-00-00', 1, '', 0),
(512, 339, 286, 5, 'user11', 'logon', 'สำนักงานปศุสัตว์จังหวัดพัทลุง', '', '', '2019-03-21 04:57:01', '0000-00-00', 1, '', 0),
(513, 339, 286, 5, 'user12', 'logon', 'สำนักงานการปฏิรูปที่ดินจังหวัดพัทลุง', '', '', '2019-03-21 04:57:01', '0000-00-00', 1, '', 0),
(514, 339, 286, 5, 'user13', 'logon', 'สำนักงานสหกรณ์จังหวัดพัทลุง', '', '', '2019-03-21 04:57:01', '0000-00-00', 1, '', 0),
(515, 339, 286, 5, 'user15', 'logon', 'สำนักงานขนส่งจังหวัดพัทลุง', '', '', '2019-03-21 04:57:01', '0000-00-00', 1, '', 0),
(516, 339, 286, 5, 'user16', 'logon', 'สำนักงานอุตสาหกรรมจังหวัดพัทลุง', '', '', '2019-07-04 09:34:36', '2019-07-04', 0, '', 0),
(517, 339, 286, 5, 'user17', 'logon', 'สำนักงานพาณิชย์จังหวัดพัทลุง', '', '', '2019-03-21 04:57:01', '0000-00-00', 1, '', 0),
(518, 339, 286, 5, 'user18', 'logon', 'สำนักงานแรงงานจังหวัดพัทลุง', '', '', '2019-03-21 04:57:01', '0000-00-00', 1, '', 0),
(519, 339, 286, 5, 'user19', 'logon', 'สำนักงานประกันสังคมจังหวัดพัทลุง', '', '', '2019-03-21 04:57:01', '0000-00-00', 1, '', 0),
(520, 339, 286, 5, 'user22', 'logon', 'สำนักงานพัฒนาสังคมและความมั่นคงของมนุษย์', '', '', '2019-03-21 04:57:01', '0000-00-00', 1, '', 0),
(521, 339, 286, 5, 'user37', 'logon', 'สำนักงานป้องกันและบรรเทาสาธารณภัยจังหวัดพัทลุง', '', '', '2019-03-21 04:57:01', '0000-00-00', 1, '', 0),
(522, 339, 286, 5, 'user36', 'logon', 'สำนักงานท้องถิ่นจังหวัดพัทลุง', '', '', '2019-03-21 04:57:01', '0000-00-00', 1, '', 0),
(523, 339, 286, 5, 'user27', 'logon', 'สำนักงานวัฒนธรรมจังหวัดพัทลุง', '', '', '2019-03-21 04:57:01', '0000-00-00', 1, '', 0),
(524, 339, 286, 5, 'user26', 'logon', 'สำนักงานพระพุทธศาสนาจังหวัดพัทลุง', '', '', '2019-03-21 04:57:01', '0000-00-00', 1, '', 0),
(525, 339, 286, 5, 'user23', 'logon', 'สำนักงานประชาสัมพันธ์จังหวัดพัทลุง', '', '', '2019-03-21 04:57:01', '0000-00-00', 1, '', 0),
(526, 339, 286, 5, 'user25', 'logon', 'สำนักงานทรัพยากรธรรมชาติและสิ่งแวดล้อมจังหวัดพัทลุ', '', '', '2019-03-21 04:57:01', '0000-00-00', 1, '', 0),
(527, 339, 286, 5, 'user21', 'logon', 'สำนักงานจัดหางานจังหวัดพัทลุง', '', '', '2019-03-21 04:57:01', '0000-00-00', 1, '', 0),
(529, 339, 286, 5, 'user38', 'logon', 'สรรพากรจังหวัดพัทลุง', '', '', '2019-03-21 04:57:01', '0000-00-00', 1, '', 0),
(530, 339, 286, 5, 'user41', 'logon', 'ฝ่ายอำนวยการ สำนักงานจังหวัดพัทลุง', '', '', '2019-03-21 04:57:01', '0000-00-00', 1, '', 0),
(531, 339, 286, 5, 'user42', 'logon', 'สำนักงานพลังงานจังหวัดพัทลุง', '', '', '2019-03-21 04:57:01', '0000-00-00', 1, '', 0),
(532, 339, 286, 5, 'user43', 'logon', 'สำนักงานพัฒนาธุรกิจการค้าจังหวัดพัทลุง', '', '', '2019-03-21 04:57:01', '0000-00-00', 1, '', 0),
(533, 339, 286, 5, 'user44', 'logon', 'สำนักงานการค้าภายในจังหวัดพัทลุง', '', '', '2019-03-21 04:57:01', '0000-00-00', 1, '', 0),
(534, 339, 286, 5, 'user45', 'logon', 'สำนักงานประกันภัยจังหวัดพัทลุง', '', '', '2019-03-21 04:57:01', '0000-00-00', 1, '', 0),
(535, 339, 286, 5, 'user46', 'logon', 'ศูนย์พัฒนาฝีมือแรงงานจังหวัดพัทลุง', '', '', '2019-03-21 04:57:01', '0000-00-00', 1, '', 0),
(536, 339, 286, 5, 'user47', 'logon', 'สถานีวิทยุกระจายเสียงแห่งประเทศไทยจังหวัดพัทลุง', '', '', '2019-03-21 04:57:01', '0000-00-00', 1, '', 0),
(537, 339, 286, 5, 'user48', 'logon', 'ศูนย์เมล็ดพันธุ์ข้าวพัทลุง', '', '', '2019-03-21 04:57:01', '0000-00-00', 1, '', 0),
(538, 339, 286, 5, 'user49', 'logon', 'ศูนย์อุทกวิทยาและบริหารน้ำภาคใต้', '', '', '2019-03-21 04:57:01', '0000-00-00', 1, '', 0),
(539, 339, 286, 5, 'user50', 'logon', 'โครงการชลประทานพัทลุง', '', '', '2019-03-21 04:57:01', '0000-00-00', 1, '', 0),
(540, 339, 286, 5, 'user51', 'logon', 'ศูนย์วิจัยข้าวพัทลุง', '', '', '2019-03-21 04:57:01', '0000-00-00', 1, '', 0),
(541, 339, 286, 5, 'user52', 'logon', 'ศูนย์ปฏิบัติการวิศวกรรมการเกษตรเขต 4', '', '', '2019-03-21 04:57:01', '0000-00-00', 1, '', 0),
(542, 339, 286, 5, 'user53', 'logon', 'ศูนย์วิจัยและพัฒนาประมงน้ำจืดพัทลุง', '', '', '2019-03-21 04:57:01', '0000-00-00', 1, '', 0),
(543, 339, 286, 5, 'user54', 'logon', 'สถานีพัฒนาอาหารสัตว์พัทลุง', '', '', '2019-03-21 04:57:01', '0000-00-00', 1, '', 0),
(544, 339, 286, 5, 'user55', 'logon', 'สถานีพัฒนาที่ดินพัทลุง', '', '', '2019-03-21 04:57:01', '0000-00-00', 1, '', 0),
(545, 339, 286, 5, 'user56', 'logon', 'สำนักงานตรวจบัญชีสหกรณ์จังหวัดพัทลุง', '', '', '2019-03-21 04:57:01', '0000-00-00', 1, '', 0),
(546, 339, 286, 5, 'user57', 'logon', 'หน่วยป้องกันและปราบปรามการประมงน้ำจืดพัทลุง', '', '', '2019-03-21 04:57:01', '0000-00-00', 1, '', 0),
(547, 339, 286, 5, 'user58', 'logon', 'สวนพฤษศาสตร์ภาคใต้ จังหวัดพัทลุง', '', '', '2019-03-21 04:57:01', '0000-00-00', 1, '', 0),
(548, 339, 286, 5, 'user59', 'logon', 'เขตห้ามล่าสัตว์ป่าทะเลน้อย', '', '', '2019-03-21 04:57:01', '0000-00-00', 1, '', 0),
(549, 339, 286, 5, 'user60', 'logon', 'สถานีพัฒนาและส่งเสริมการอนุรักษ์สัตว์ป่าทะเลน้อย', '', '', '2019-03-21 04:57:01', '0000-00-00', 1, '', 0),
(550, 339, 286, 5, 'user61', 'logon', 'เขตรักษาพันธุ์สัตว์ป่าเขาบรรทัด', '', '', '2019-03-21 04:57:01', '0000-00-00', 1, '', 0),
(551, 339, 286, 5, 'user62', 'logon', 'อุทยานแห่งชาติเข่าปู่-เขาย่า', '', '', '2019-03-21 04:57:01', '0000-00-00', 1, '', 0),
(552, 339, 286, 5, 'user63', 'logon', 'นิคมสร้างตนเองควนขนุน', '', '', '2019-03-21 04:57:01', '0000-00-00', 1, '', 0),
(553, 339, 286, 5, 'user64', 'logon', 'แขวงการทางพัทลุง', '', '', '2019-03-21 04:57:01', '0000-00-00', 1, '', 0),
(554, 339, 286, 5, 'user65', 'logon', 'ทางหลวงชนบทจังหวัดพัทลุง', '', '', '2019-03-21 04:57:01', '0000-00-00', 1, '', 0),
(555, 339, 286, 5, 'user66', 'logon', 'สำนักงานการท่องเที่ยวและกีฬาจังหวัดพัทลุง', '', '', '2019-03-21 04:57:01', '0000-00-00', 1, '', 0),
(556, 339, 286, 5, 'user67', 'logon', 'สถานีอุตุนิยมวิทยาจังหวัดพัทลุง', '', '', '2019-03-21 04:57:01', '0000-00-00', 1, '', 0),
(557, 339, 286, 5, 'user68', 'logon', 'หน่วยควบคุมโรคติดต่อด้วยแมลงที่ 5', '', '', '2019-03-21 04:57:01', '0000-00-00', 1, '', 0),
(558, 339, 286, 5, 'user69', 'logon', 'สำนักงานเขตพื้นที่การศึกษาพัทลุง', '', '', '2019-03-21 04:57:01', '0000-00-00', 1, '', 0),
(559, 339, 286, 5, 'user70', 'logon', 'สำนักงาน กศน.จังหวัดพัทลุง', '', '', '2019-03-21 04:57:01', '0000-00-00', 1, '', 0),
(560, 339, 286, 5, 'user71', 'logon', 'วิทยาลัยนาฏศิลปพัทลุง', '', '', '2019-03-21 04:57:01', '0000-00-00', 1, '', 0),
(561, 339, 286, 5, 'user72', 'logon', 'วิทยาลัยเกษตรและเทคโนโลยีพัทลุง', '', '', '2019-03-21 04:57:01', '0000-00-00', 1, '', 0),
(562, 339, 286, 5, 'user73', 'logon', 'วิทยาลัยเทคนิคพัทลุง', '', '', '2019-03-21 04:57:01', '0000-00-00', 1, '', 0),
(563, 339, 286, 5, 'user74', 'logon', 'วิทยาลัยเทคนิคพัทลุง  แห่งที่ 2', '', '', '2019-03-21 04:57:01', '0000-00-00', 1, '', 0),
(564, 339, 286, 5, 'user75', 'logon', 'วิทยาลัยสารพัดช่างพัทลุง', '', '', '2019-03-21 04:57:01', '0000-00-00', 1, '', 0),
(568, 339, 286, 5, 'user79', 'logon', 'สำนักงานการประปาพัทลุง', '', '', '2019-03-21 04:57:01', '0000-00-00', 1, '', 0),
(569, 339, 286, 5, 'user98', 'logon', 'องค์การบริหารส่วนตำบลชัยบุรี', '', '', '2019-03-21 04:57:01', '0000-00-00', 1, '', 0),
(571, 339, 286, 5, 'user100', 'logon', 'องค์การบริหารส่วนตำบลท่าแค', '', '', '2019-03-21 04:57:01', '0000-00-00', 1, '', 0),
(572, 339, 286, 5, 'user101', 'logon', 'องค์การบริหารส่วนตำบลท่ามิหรำ', '', '', '2019-03-21 04:57:01', '0000-00-00', 1, '', 0),
(573, 339, 286, 5, 'user102', 'logon', 'องค์การบริหารส่วนตำบลนาท่อม', '', '', '2019-03-21 04:57:01', '0000-00-00', 1, '', 0),
(574, 339, 286, 5, 'user103', 'logon', 'องค์การบริหารส่วนตำบลนาโหนด', '', '', '2019-03-21 04:57:01', '0000-00-00', 1, '', 0),
(575, 339, 286, 5, 'user104', 'logon', 'องค์การบริหารส่วนตำบลปรางหมู่', '', '', '2019-03-21 04:57:01', '0000-00-00', 1, '', 0),
(576, 339, 286, 5, 'user105', 'logon', 'องค์การบริหารส่วนตำบลพญาขัน', '', '', '2019-03-21 04:57:01', '0000-00-00', 1, '', 0),
(577, 339, 286, 5, 'user106', 'logon', 'องค์การบริหารส่วนตำบลร่มเมือง', '', '', '2019-03-21 04:57:01', '0000-00-00', 1, '', 0),
(578, 339, 286, 5, 'user107', 'logon', 'องค์การบริหารส่วนตำบลลำปำ', '', '', '2019-03-21 04:57:01', '0000-00-00', 1, '', 0),
(579, 339, 286, 5, 'user108', 'logon', 'องค์การบริหารส่วนตำบลควนขนุน', '', '', '2019-03-21 04:57:01', '0000-00-00', 1, '', 0),
(580, 339, 286, 5, 'user109', 'logon', 'องค์การบริหารส่วนตำบลชะมวง', '', '', '2019-03-21 04:57:01', '0000-00-00', 1, '', 0),
(581, 339, 286, 5, 'user110', 'logon', 'องค์การบริหารส่วนตำบลนาขยาด', '', '', '2019-03-21 04:57:01', '0000-00-00', 1, '', 0),
(582, 339, 286, 5, 'user111', 'logon', 'องค์การบริหารส่วนตำบลปันแต', '', '', '2019-03-21 04:57:01', '0000-00-00', 1, '', 0),
(583, 339, 286, 5, 'user112', 'logon', 'องค์การบริหารส่วนตำบลพนมวังก์', '', '', '2019-03-21 04:57:01', '0000-00-00', 1, '', 0),
(584, 339, 286, 5, 'user113', 'logon', 'องค์การบริหารส่วนตำบลพนางตุง', '', '', '2019-03-21 04:57:01', '0000-00-00', 1, '', 0),
(585, 339, 286, 5, 'user114', 'logon', 'องค์การบริหารส่วนตำบลมะกอกเหนือ', '', '', '2019-03-21 04:57:01', '0000-00-00', 1, '', 0),
(586, 339, 286, 5, 'user115', 'logon', 'องค์การบริหารส่วนตำบลดอนทราย', '', '', '2019-03-21 04:57:01', '0000-00-00', 1, '', 0),
(587, 339, 286, 5, 'user116', 'logon', 'องค์การบริหารส่วนตำบลทะเลน้อย', '', '', '2019-03-21 04:57:01', '0000-00-00', 1, '', 0),
(588, 339, 286, 5, 'user117', 'logon', 'องค์การบริหารส่วนตำบลแพรกหา', '', '', '2019-03-21 04:57:01', '0000-00-00', 1, '', 0),
(589, 339, 286, 5, 'user120', 'logon', 'องค์การบริหารส่วนตำบลเขาย่า', '', '', '2019-03-21 04:57:01', '0000-00-00', 1, '', 0),
(590, 339, 286, 5, 'user121', 'logon', 'องค์การบริหารส่วนตำบลตะแพน', '', '', '2019-03-21 04:57:01', '0000-00-00', 1, '', 0),
(591, 339, 286, 5, 'user122', 'logon', 'องค์การบริหารส่วนตำบลเขาปู่', '', '', '2019-03-21 04:57:01', '0000-00-00', 1, '', 0),
(592, 339, 286, 5, 'user123', 'logon', 'องค์การบริหารส่วนตำบลเกาะเต่า', '', '', '2019-03-21 04:57:01', '0000-00-00', 1, '', 0),
(593, 339, 286, 5, 'user124', 'logon', 'องค์การบริหารส่วนตำบลบ้านพร้าว', '', '', '2019-03-21 04:57:01', '0000-00-00', 1, '', 0),
(594, 339, 286, 5, 'user125', 'logon', 'องค์การบริหารส่วนตำบลป่าพะยอม', '', '', '2019-03-21 04:57:01', '0000-00-00', 1, '', 0),
(595, 339, 286, 5, 'user126', 'logon', 'องค์การบริหารส่วนตำบลลานข่อย', '', '', '2019-03-21 04:57:01', '0000-00-00', 1, '', 0),
(596, 339, 286, 5, 'user127', 'logon', 'องค์การบริหารส่วนตำบลเขาชัยสน', '', '', '2019-03-21 04:57:01', '0000-00-00', 1, '', 0),
(597, 339, 286, 5, 'user128', 'logon', 'องค์การบริหารส่วนตำบลควนขนุน', '', '', '2019-03-21 04:57:01', '0000-00-00', 1, '', 0),
(598, 339, 286, 5, 'user129', 'logon', 'องค์การบริหารส่วนตำบลโคกม่วง', '', '', '2019-03-21 04:57:01', '0000-00-00', 1, '', 0),
(599, 339, 286, 5, 'user130', 'logon', 'องค์การบริหารส่วนตำบลหานโพธิ์', '', '', '2019-03-21 04:57:01', '0000-00-00', 1, '', 0),
(600, 339, 286, 5, 'user131', 'logon', 'องค์การบริหารส่วนตำบลจองถนน', '', '', '2019-03-21 04:57:01', '0000-00-00', 1, '', 0),
(601, 339, 286, 5, 'user132', 'logon', 'องค์การบริหารส่วนตำบลดอนประดู่', '', '', '2019-03-21 04:57:01', '0000-00-00', 1, '', 0),
(602, 339, 286, 5, 'user133', 'logon', 'องค์การบริหารส่วนตำบลปากพะยูน', '', '', '2019-03-21 04:57:01', '0000-00-00', 1, '', 0),
(603, 339, 286, 5, 'user134', 'logon', 'องค์การบริหารส่วนตำบลฝาละมี', '', '', '2019-03-21 04:57:01', '0000-00-00', 1, '', 0),
(604, 339, 286, 5, 'user135', 'logon', 'องค์การบริหารส่วนตำบลหารเทา', '', '', '2019-03-21 04:57:01', '0000-00-00', 1, '', 0),
(605, 339, 286, 5, 'user136', 'logon', 'องค์การบริหารส่วนตำบลดอนทราย', '', '', '2019-03-21 04:57:01', '0000-00-00', 1, '', 0),
(606, 339, 286, 5, 'user137', 'logon', 'องค์การบริหารส่วนตำบลเกาะนางคำ', '', '', '2019-03-21 04:57:01', '0000-00-00', 1, '', 0),
(607, 339, 286, 5, 'user138', 'logon', 'องค์การบริหารส่วนตำบลเกาะหมาก', '', '', '2019-03-21 04:57:01', '0000-00-00', 1, '', 0),
(608, 339, 286, 5, 'user139', 'logon', 'องค์การบริหารส่วนตำบลวังใหม่', '', '', '2019-03-21 04:57:01', '0000-00-00', 1, '', 0),
(609, 339, 286, 5, 'user140', 'logon', 'องค์การบริหารส่วนตำบลโคกทราย', '', '', '2019-03-21 04:57:01', '0000-00-00', 1, '', 0),
(610, 339, 286, 5, 'user141', 'logon', 'องค์การบริหารส่วนตำบลทุ่งนารี', '', '', '2019-03-21 04:57:01', '0000-00-00', 1, '', 0),
(611, 339, 286, 5, 'user142', 'logon', 'องค์การบริหารส่วนตำบลป่าบอน', '', '', '2019-03-21 04:57:01', '0000-00-00', 1, '', 0),
(612, 339, 286, 5, 'user143', 'logon', 'องค์การบริหารส่วนตำบลหนองธง', '', '', '2019-03-21 04:57:01', '0000-00-00', 1, '', 0),
(613, 339, 286, 5, 'user144', 'logon', 'องค์การบริหารส่วนตำบลโคกสัก', '', '', '2019-03-21 04:57:01', '0000-00-00', 1, '', 0),
(614, 339, 286, 5, 'user145', 'logon', 'องค์การบริหารส่วนตำบลนาปะขอ', '', '', '2019-03-21 04:57:01', '0000-00-00', 1, '', 0),
(615, 339, 286, 5, 'user146', 'logon', 'องค์การบริหารส่วนตำบลท่ามะเดื่อ', '', '', '2019-03-21 04:57:01', '0000-00-00', 1, '', 0),
(616, 339, 286, 5, 'user147', 'logon', 'องค์การบริหารส่วนตำบลคลองใหญ่', '', '', '2019-03-21 04:57:01', '0000-00-00', 1, '', 0),
(617, 339, 286, 5, 'user148', 'logon', 'องค์การบริหารส่วนตำบลตะโหมด', '', '', '2019-03-21 04:57:01', '0000-00-00', 1, '', 0),
(618, 339, 286, 5, 'user149', 'logon', 'องค์การบริหารส่วนตำบลแม่ขรี', '', '', '2019-03-21 04:57:01', '0000-00-00', 1, '', 0),
(619, 339, 286, 5, 'user150', 'logon', 'องค์การบริหารส่วนตำบลชะรัด', '', '', '2019-03-21 04:57:01', '0000-00-00', 1, '', 0),
(620, 339, 286, 5, 'user151', 'logon', 'องค์การบริหารส่วนตำบลคลองเฉลิม', '', '', '2019-03-21 04:57:01', '0000-00-00', 1, '', 0),
(621, 339, 286, 5, 'user152', 'logon', 'องค์การบริหารส่วนตำบลคลองทรายขาว', '', '', '2019-03-21 04:57:01', '0000-00-00', 1, '', 0),
(622, 339, 286, 5, 'user153', 'logon', 'องค์การบริหารส่วนตำบลกงหรา', '', '', '2019-03-21 04:57:01', '0000-00-00', 1, '', 0),
(623, 339, 286, 5, 'user154', 'logon', 'องค์การบริหารส่วนตำบลสมหวัง', '', '', '2019-03-21 04:57:01', '0000-00-00', 1, '', 0),
(624, 339, 286, 5, 'user155', 'logon', 'องค์การบริหารส่วนตำบลชุมพล', '', '', '2019-03-21 04:57:01', '0000-00-00', 1, '', 0),
(625, 339, 286, 5, 'user156', 'logon', 'องค์การบริหารส่วนตำบลบ้านนา', '', '', '2019-03-21 04:57:01', '0000-00-00', 1, '', 0),
(626, 339, 286, 5, 'user157', 'logon', 'องค์การบริหารส่วนตำบลลำสินธุ์', '', '', '2019-03-21 04:57:01', '0000-00-00', 1, '', 0),
(627, 339, 286, 5, 'user158', 'logon', 'องค์การบริหารส่วนตำบลอ่างทอง', '', '', '2019-03-21 04:57:01', '0000-00-00', 1, '', 0),
(628, 339, 286, 5, 'user159', 'logon', 'อำเภอเมืองพัทลุง', '', '', '2019-03-21 04:57:01', '0000-00-00', 1, '', 0),
(629, 339, 286, 5, 'user160', 'logon', 'อำเภอควนขนุน', '', '', '2019-03-21 04:57:01', '0000-00-00', 1, '', 0),
(630, 339, 286, 5, 'user161', 'logon', 'อำเภอเขาชัยสน', '', '', '2019-03-21 04:57:01', '0000-00-00', 1, '', 0),
(631, 339, 286, 5, 'user162', 'logon', 'อำเภอปากพะยูน', '', '', '2019-03-21 04:57:01', '0000-00-00', 1, '', 0),
(632, 339, 286, 5, 'user163', 'logon', 'อำเภอกงหรา', '', '', '2019-03-21 04:57:01', '0000-00-00', 1, '', 0),
(633, 339, 286, 5, 'user188', 'logon', 'สนง.ธนารักษ์', '', '', '2019-03-21 04:57:01', '0000-00-00', 1, '', 0),
(634, 339, 286, 5, 'user165', 'logon', 'อำเภอป่าบอน', '', '', '2019-03-21 04:57:01', '0000-00-00', 1, '', 0),
(635, 339, 286, 5, 'user170', 'logon', 'กองทุนฟื้นฟูและพัฒนาเกษตรกรจังหวัดพัทลุง', '', '', '2019-03-21 04:57:01', '0000-00-00', 1, '', 0),
(636, 339, 286, 5, 'user180', 'logon', 'สมาคมกำนันผู้ใหญ่บ้านจังหวัดพัทลุง', '', '', '2019-03-21 04:57:01', '0000-00-00', 1, '', 0),
(637, 339, 286, 5, 'user10', 'logon', 'สำนักงานเกษตรจังหวัดพัทลุง', '', '', '2019-03-21 04:57:01', '0000-00-00', 1, '', 0),
(638, 339, 286, 5, 'user11', 'logon', 'สำนักงานเกษตรจังหวัดพัทลุง', '', '', '2019-03-21 04:57:01', '0000-00-00', 1, '', 0),
(639, 339, 286, 5, 'user85', 'logon', 'องค์การบริหารส่วนจังหวัดพัทลุง', '', '', '2019-03-21 04:57:01', '0000-00-00', 1, '', 0),
(640, 339, 286, 5, 'user84', 'logon', 'สำนักงานการกีฬาแห่งประเทศไทยจังหวัดพัทลุง', '', '', '2020-10-19 03:27:22', '0000-00-00', 1, '', 0),
(641, 339, 286, 5, 'user1100', 'logon', 'สำนักงานจังหวัดพัทลุง', '', '', '2019-03-21 04:57:01', '0000-00-00', 1, '', 0),
(642, 339, 286, 5, 'user24', 'logon', 'สำนักงานสถิติจังหวัด', '', '', '2019-03-21 04:57:01', '0000-00-00', 1, '', 0),
(643, 339, 286, 5, 'user32', 'logon', 'สำนักงานคุมประพฤติจังหวัดพัทลุง', '', '', '2019-03-21 04:57:01', '0000-00-00', 1, '', 0),
(644, 339, 286, 5, 'prdnews', 'logon', 'ประชาสัมพันธ์', '', '', '2019-03-21 04:57:01', '0000-00-00', 1, '', 0),
(645, 339, 286, 5, 'prdnews', 'logon', 'พี่อาร์', '', '', '2019-03-21 04:57:01', '0000-00-00', 1, '', 0),
(646, 339, 286, 5, 'user181', 'logon', 'สำนักงานป้องกันและปราบปรามการทุจริตแห่งชาติประจำจั', '', '', '2019-03-21 04:57:01', '0000-00-00', 1, '', 0),
(647, 339, 286, 5, 'user15', 'logon', 'สำนักงานขนส่งจังหวัดพัทลุง', '', '', '2019-03-21 04:57:01', '0000-00-00', 1, '', 0),
(648, 339, 286, 5, 'user27', 'logon', 'สำนักงานวัฒนธรรมจังหวัดพัทลุง', '', '', '2019-03-21 04:57:01', '0000-00-00', 1, '', 0),
(649, 339, 286, 5, 'user28', 'logon', 'โรงพยาบาลจังหวัดพัทลุง', '', '', '2019-03-21 04:57:01', '0000-00-00', 1, '', 0),
(650, 339, 286, 5, 'user182', 'logon', '?????????????????????????????', '', '', '2019-03-21 04:57:01', '0000-00-00', 1, '', 0),
(651, 339, 286, 5, 'user29', 'logon', '??????????????????????', '', '', '2019-03-21 04:57:01', '0000-00-00', 1, '', 0),
(652, 339, 286, 5, 'user169', 'logon', 'อำเภอศรีนครินทร์', '', '', '2019-03-21 04:57:01', '0000-00-00', 1, '', 0),
(653, 339, 286, 5, 'user167', 'logon', 'อำเภอป่าพะยอม', '', '', '2019-03-21 04:57:01', '0000-00-00', 1, '', 0),
(654, 339, 286, 5, 'user166', 'logon', 'อำเภอศรีบรรพต', '', '', '2019-03-21 04:57:01', '0000-00-00', 1, '', 0),
(655, 339, 286, 5, 'admin', 'logon', 'Administrator', '', '', '2019-03-21 04:58:39', '0000-00-00', 1, '', 0),
(656, 339, 286, 5, 'user01', 'logon', 'สำนักงานจังหวัดพัทลุง', '', '', '2019-03-21 04:57:01', '0000-00-00', 1, '', 0),
(657, 339, 286, 5, 'user02', 'logon', 'ที่ทำการปกครองจังหวัดพัทลุง', '', '', '2019-03-21 04:57:01', '0000-00-00', 1, '', 0),
(658, 339, 286, 5, 'user03', 'logon', 'สำนักงานพัฒนาชุมชนจังหวัดพัทลุง', '', '', '2019-03-21 04:57:01', '0000-00-00', 1, '', 0),
(659, 339, 286, 5, 'user04', 'logon', 'สำนักงานโยธาธิการและผังเมืองจังหวัดพัทลุง', '', '', '2019-03-21 04:57:01', '0000-00-00', 1, '', 0),
(660, 339, 286, 5, 'user05', 'logon', 'สำนักงานที่ดินจังหวัดพัทลุง', '', '', '2019-03-21 04:57:01', '0000-00-00', 1, '', 0),
(661, 339, 286, 5, 'user06', 'logon', 'สำนักงานคลังจังหวัดพัทลุง', '', '', '2019-03-21 04:57:01', '0000-00-00', 1, '', 0),
(662, 339, 286, 5, 'user07', 'logon', 'สำนักงานสาธารณสุขจังหวัดพัทลุง', '', '', '2019-03-21 04:57:01', '0000-00-00', 1, '', 0),
(663, 339, 286, 5, 'user08', 'logon', 'สำนักงานเกษตรและสหกรณ์จังหวัดพัทลุง', '', '', '2019-03-21 04:57:01', '0000-00-00', 1, '', 0),
(664, 339, 286, 5, 'user09', 'logon', 'สำนักงานประมงจังหวัดพัทลุง', '', '', '2019-03-21 04:57:01', '0000-00-00', 1, '', 0),
(665, 339, 286, 5, 'user10', 'logon', 'สำนักงานเกษตรจังหวัดพัทลุง', '', '', '2019-03-21 04:57:01', '0000-00-00', 1, '', 0),
(666, 339, 286, 5, 'user11', 'logon', 'สำนักงานปศุสัตว์จังหวัดพัทลุง', '', '', '2019-03-21 04:57:01', '0000-00-00', 1, '', 0),
(667, 339, 286, 5, 'user12', 'logon', 'สำนักงานการปฏิรูปที่ดินจังหวัดพัทลุง', '', '', '2019-03-21 04:57:01', '0000-00-00', 1, '', 0),
(668, 339, 286, 5, 'user13', 'logon', 'สำนักงานสหกรณ์จังหวัดพัทลุง', '', '', '2019-03-21 04:57:01', '0000-00-00', 1, '', 0),
(669, 339, 286, 5, 'user15', 'logon', 'สำนักงานขนส่งจังหวัดพัทลุง', '', '', '2019-03-21 04:57:01', '0000-00-00', 1, '', 0),
(670, 339, 286, 5, 'user16', 'logon', 'สำนักงานอุตสาหกรรมจังหวัดพัทลุง', '', '', '2020-10-15 09:13:12', '0000-00-00', 1, '', 0),
(671, 339, 286, 5, 'user17', 'logon', 'สำนักงานพาณิชย์จังหวัดพัทลุง', '', '', '2019-03-21 04:57:01', '0000-00-00', 1, '', 0),
(672, 339, 286, 5, 'user18', 'logon', 'สำนักงานแรงงานจังหวัดพัทลุง', '', '', '2019-03-21 04:57:01', '0000-00-00', 1, '', 0),
(673, 339, 286, 5, 'user19', 'logon', 'สำนักงานประกันสังคมจังหวัดพัทลุง', '', '', '2019-03-21 04:57:01', '0000-00-00', 1, '', 0),
(674, 339, 286, 5, 'user22', 'logon', 'สำนักงานพัฒนาสังคมและความมั่นคงของมนุษย์', '', '', '2019-03-21 04:57:01', '0000-00-00', 1, '', 0),
(675, 339, 286, 5, 'user37', 'logon', 'สำนักงานป้องกันและบรรเทาสาธารณภัยจังหวัดพัทลุง', '', '', '2019-03-21 04:57:01', '0000-00-00', 1, '', 0),
(676, 339, 286, 5, 'user36', 'logon', 'สำนักงานท้องถิ่นจังหวัดพัทลุง', '', '', '2019-03-21 04:57:01', '0000-00-00', 1, '', 0),
(677, 339, 286, 5, 'user27', 'logon', 'สำนักงานวัฒนธรรมจังหวัดพัทลุง', '', '', '2019-03-21 04:57:01', '0000-00-00', 1, '', 0),
(678, 339, 286, 5, 'user26', 'logon', 'สำนักงานพระพุทธศาสนาจังหวัดพัทลุง', '', '', '2019-03-21 04:57:01', '0000-00-00', 1, '', 0),
(679, 339, 286, 5, 'user23', 'logon', 'สำนักงานประชาสัมพันธ์จังหวัดพัทลุง', '', '', '2019-03-21 04:57:01', '0000-00-00', 1, '', 0),
(680, 339, 286, 5, 'user25', 'logon', 'สำนักงานทรัพยากรธรรมชาติและสิ่งแวดล้อมจังหวัดพัทลุ', '', '', '2019-03-21 04:57:01', '0000-00-00', 1, '', 0),
(681, 339, 286, 5, 'user21', 'logon', 'สำนักงานจัดหางานจังหวัดพัทลุง', '', '', '2019-03-21 04:57:01', '0000-00-00', 1, '', 0),
(682, 339, 286, 5, 'user89', 'logon', 'เทศบาลตำบลปากพะยูน', '', '', '2019-03-21 04:57:01', '0000-00-00', 1, '', 0),
(683, 339, 286, 5, 'user38', 'logon', 'สรรพากรจังหวัดพัทลุง', '', '', '2019-03-21 04:57:01', '0000-00-00', 1, '', 0),
(684, 339, 286, 5, 'user41', 'logon', 'ฝ่ายอำนวยการ สำนักงานจังหวัดพัทลุง', '', '', '2019-03-21 04:57:01', '0000-00-00', 1, '', 0),
(685, 339, 286, 5, 'user42', 'logon', 'สำนักงานพลังงานจังหวัดพัทลุง', '', '', '2019-03-21 04:57:01', '0000-00-00', 1, '', 0),
(686, 339, 286, 5, 'user43', 'logon', 'สำนักงานพัฒนาธุรกิจการค้าจังหวัดพัทลุง', '', '', '2019-03-21 04:57:01', '0000-00-00', 1, '', 0),
(687, 339, 286, 5, 'user44', 'logon', 'สำนักงานการค้าภายในจังหวัดพัทลุง', '', '', '2019-03-21 04:57:01', '0000-00-00', 1, '', 0),
(688, 339, 286, 5, 'user45', 'logon', 'สำนักงานประกันภัยจังหวัดพัทลุง', '', '', '2019-03-21 04:57:01', '0000-00-00', 1, '', 0),
(689, 339, 286, 5, 'user46', 'logon', 'ศูนย์พัฒนาฝีมือแรงงานจังหวัดพัทลุง', '', '', '2019-03-21 04:57:01', '0000-00-00', 1, '', 0),
(690, 339, 286, 5, 'user47', 'logon', 'สถานีวิทยุกระจายเสียงแห่งประเทศไทยจังหวัดพัทลุง', '', '', '2019-03-21 04:57:01', '0000-00-00', 1, '', 0),
(691, 339, 286, 5, 'user48', 'logon', 'ศูนย์เมล็ดพันธุ์ข้าวพัทลุง', '', '', '2019-03-21 04:57:01', '0000-00-00', 1, '', 0),
(692, 339, 286, 5, 'user49', 'logon', 'ศูนย์อุทกวิทยาและบริหารน้ำภาคใต้', '', '', '2019-03-21 04:57:01', '0000-00-00', 1, '', 0),
(693, 339, 286, 5, 'user50', 'logon', 'โครงการชลประทานพัทลุง', '', '', '2019-03-21 04:57:01', '0000-00-00', 1, '', 0),
(694, 339, 286, 5, 'user51', 'logon', 'ศูนย์วิจัยข้าวพัทลุง', '', '', '2019-03-21 04:57:01', '0000-00-00', 1, '', 0),
(695, 339, 286, 5, 'user52', 'logon', 'ศูนย์ปฏิบัติการวิศวกรรมการเกษตรเขต 4', '', '', '2019-03-21 04:57:01', '0000-00-00', 1, '', 0),
(696, 339, 286, 5, 'user53', 'logon', 'ศูนย์วิจัยและพัฒนาประมงน้ำจืดพัทลุง', '', '', '2019-03-21 04:57:01', '0000-00-00', 1, '', 0),
(697, 339, 286, 5, 'user54', 'logon', 'สถานีพัฒนาอาหารสัตว์พัทลุง', '', '', '2019-03-21 04:57:01', '0000-00-00', 1, '', 0),
(698, 339, 286, 5, 'user55', 'logon', 'สถานีพัฒนาที่ดินพัทลุง', '', '', '2019-03-21 04:57:01', '0000-00-00', 1, '', 0),
(699, 339, 286, 5, 'user56', 'logon', 'สำนักงานตรวจบัญชีสหกรณ์จังหวัดพัทลุง', '', '', '2019-03-21 04:57:01', '0000-00-00', 1, '', 0),
(700, 339, 286, 5, 'user57', 'logon', 'หน่วยป้องกันและปราบปรามการประมงน้ำจืดพัทลุง', '', '', '2019-03-21 04:57:01', '0000-00-00', 1, '', 0),
(701, 339, 286, 5, 'user58', 'logon', 'สวนพฤษศาสตร์ภาคใต้ จังหวัดพัทลุง', '', '', '2019-03-21 04:57:01', '0000-00-00', 1, '', 0),
(702, 339, 286, 5, 'user59', 'logon', 'เขตห้ามล่าสัตว์ป่าทะเลน้อย', '', '', '2019-03-21 04:57:01', '0000-00-00', 1, '', 0),
(703, 339, 286, 5, 'user60', 'logon', 'สถานีพัฒนาและส่งเสริมการอนุรักษ์สัตว์ป่าทะเลน้อย', '', '', '2019-03-21 04:57:01', '0000-00-00', 1, '', 0),
(704, 339, 286, 5, 'user61', 'logon', 'เขตรักษาพันธุ์สัตว์ป่าเขาบรรทัด', '', '', '2019-03-21 04:57:01', '0000-00-00', 1, '', 0),
(705, 339, 286, 5, 'user62', 'logon', 'อุทยานแห่งชาติเข่าปู่-เขาย่า', '', '', '2019-03-21 04:57:01', '0000-00-00', 1, '', 0),
(706, 339, 286, 5, 'user63', 'logon', 'นิคมสร้างตนเองควนขนุน', '', '', '2019-03-21 04:57:01', '0000-00-00', 1, '', 0),
(707, 339, 286, 5, 'user64', 'logon', 'แขวงการทางพัทลุง', '', '', '2019-03-21 04:57:01', '0000-00-00', 1, '', 0),
(708, 339, 286, 5, 'user65', 'logon', 'ทางหลวงชนบทจังหวัดพัทลุง', '', '', '2019-03-21 04:57:01', '0000-00-00', 1, '', 0),
(709, 339, 286, 5, 'user66', 'logon', 'สำนักงานการท่องเที่ยวและกีฬาจังหวัดพัทลุง', '', '', '2019-03-21 04:57:01', '0000-00-00', 1, '', 0),
(710, 339, 286, 5, 'user67', 'logon', 'สถานีอุตุนิยมวิทยาจังหวัดพัทลุง', '', '', '2019-03-21 04:57:01', '0000-00-00', 1, '', 0),
(711, 339, 286, 5, 'user68', 'logon', 'หน่วยควบคุมโรคติดต่อด้วยแมลงที่ 5', '', '', '2019-03-21 04:57:01', '0000-00-00', 1, '', 0),
(712, 339, 286, 5, 'user69', 'logon', 'สำนักงานเขตพื้นที่การศึกษาพัทลุง', '', '', '2019-03-21 04:57:01', '0000-00-00', 1, '', 0),
(713, 339, 286, 5, 'user70', 'logon', 'สำนักงาน กศน.จังหวัดพัทลุง', '', '', '2019-03-21 04:57:01', '0000-00-00', 1, '', 0),
(714, 339, 286, 5, 'user71', 'logon', 'วิทยาลัยนาฏศิลปพัทลุง', '', '', '2019-03-21 04:57:01', '0000-00-00', 1, '', 0),
(715, 339, 286, 5, 'user72', 'logon', 'วิทยาลัยเกษตรและเทคโนโลยีพัทลุง', '', '', '2019-03-21 04:57:01', '0000-00-00', 1, '', 0),
(716, 339, 286, 5, 'user73', 'logon', 'วิทยาลัยเทคนิคพัทลุง', '', '', '2019-03-21 04:57:01', '0000-00-00', 1, '', 0),
(719, 339, 286, 5, 'user76', 'logon', 'วิทยาลัยการอาชีพบางแก้ว', '', '', '2019-03-21 04:57:01', '0000-00-00', 1, '', 0),
(720, 339, 286, 5, 'user77', 'logon', 'วิทยาลัยการอาชีพควนขนุน', '', '', '2019-03-21 04:57:01', '0000-00-00', 1, '', 0),
(721, 339, 286, 5, 'user78', 'logon', 'มหาวิทยาลัยทักษิณ วิทยาเขตพัทลุง', '', '', '2019-03-21 04:57:01', '0000-00-00', 1, '', 0),
(724, 339, 286, 5, 'user99', 'logon', 'องค์การบริหารส่วนตำบลตำนาน', '', '', '2019-03-21 04:57:01', '0000-00-00', 1, '', 0),
(725, 339, 286, 5, 'user100', 'logon', 'องค์การบริหารส่วนตำบลท่าแค', '', '', '2019-03-21 04:57:01', '0000-00-00', 1, '', 0),
(726, 339, 286, 5, 'user101', 'logon', 'องค์การบริหารส่วนตำบลท่ามิหรำ', '', '', '2019-03-21 04:57:01', '0000-00-00', 1, '', 0),
(727, 339, 286, 5, 'user102', 'logon', 'องค์การบริหารส่วนตำบลนาท่อม', '', '', '2019-03-21 04:57:01', '0000-00-00', 1, '', 0),
(728, 339, 286, 5, 'user103', 'logon', 'องค์การบริหารส่วนตำบลนาโหนด', '', '', '2019-03-21 04:57:01', '0000-00-00', 1, '', 0),
(729, 339, 286, 5, 'user104', 'logon', 'องค์การบริหารส่วนตำบลปรางหมู่', '', '', '2019-03-21 04:57:01', '0000-00-00', 1, '', 0),
(730, 339, 286, 5, 'user105', 'logon', 'องค์การบริหารส่วนตำบลพญาขัน', '', '', '2019-03-21 04:57:01', '0000-00-00', 1, '', 0),
(731, 339, 286, 5, 'user106', 'logon', 'องค์การบริหารส่วนตำบลร่มเมือง', '', '', '2019-03-21 04:57:01', '0000-00-00', 1, '', 0),
(732, 339, 286, 5, 'user107', 'logon', 'องค์การบริหารส่วนตำบลลำปำ', '', '', '2019-03-21 04:57:01', '0000-00-00', 1, '', 0),
(733, 339, 286, 5, 'user108', 'logon', 'องค์การบริหารส่วนตำบลควนขนุน', '', '', '2019-03-21 04:57:01', '0000-00-00', 1, '', 0),
(734, 339, 286, 5, 'user109', 'logon', 'องค์การบริหารส่วนตำบลชะมวง', '', '', '2019-03-21 04:57:01', '0000-00-00', 1, '', 0),
(735, 339, 286, 5, 'user110', 'logon', 'องค์การบริหารส่วนตำบลนาขยาด', '', '', '2019-03-21 04:57:01', '0000-00-00', 1, '', 0),
(736, 339, 286, 5, 'user111', 'logon', 'องค์การบริหารส่วนตำบลปันแต', '', '', '2019-03-21 04:57:01', '0000-00-00', 1, '', 0),
(737, 339, 286, 5, 'user112', 'logon', 'องค์การบริหารส่วนตำบลพนมวังก์', '', '', '2019-03-21 04:57:01', '0000-00-00', 1, '', 0),
(738, 339, 286, 5, 'user113', 'logon', 'องค์การบริหารส่วนตำบลพนางตุง', '', '', '2019-03-21 04:57:01', '0000-00-00', 1, '', 0),
(739, 339, 286, 5, 'user114', 'logon', 'องค์การบริหารส่วนตำบลมะกอกเหนือ', '', '', '2019-03-21 04:57:01', '0000-00-00', 1, '', 0),
(740, 339, 286, 5, 'user115', 'logon', 'องค์การบริหารส่วนตำบลดอนทราย', '', '', '2019-03-21 04:57:01', '0000-00-00', 1, '', 0),
(741, 339, 286, 5, 'user116', 'logon', 'องค์การบริหารส่วนตำบลทะเลน้อย', '', '', '2019-03-21 04:57:01', '0000-00-00', 1, '', 0),
(742, 339, 286, 5, 'user117', 'logon', 'องค์การบริหารส่วนตำบลแพรกหา', '', '', '2019-03-21 04:57:01', '0000-00-00', 1, '', 0),
(743, 339, 286, 5, 'user120', 'logon', 'องค์การบริหารส่วนตำบลเขาย่า', '', '', '2019-03-21 04:57:01', '0000-00-00', 1, '', 0),
(744, 339, 286, 5, 'user121', 'logon', 'องค์การบริหารส่วนตำบลตะแพน', '', '', '2019-03-21 04:57:01', '0000-00-00', 1, '', 0),
(745, 339, 286, 5, 'user122', 'logon', 'องค์การบริหารส่วนตำบลเขาปู่', '', '', '2019-03-21 04:57:01', '0000-00-00', 1, '', 0),
(746, 339, 286, 5, 'user123', 'logon', 'องค์การบริหารส่วนตำบลเกาะเต่า', '', '', '2019-03-21 04:57:01', '0000-00-00', 1, '', 0),
(747, 339, 286, 5, 'user124', 'logon', 'องค์การบริหารส่วนตำบลบ้านพร้าว', '', '', '2019-03-21 04:57:01', '0000-00-00', 1, '', 0),
(748, 339, 286, 5, 'user125', 'logon', 'องค์การบริหารส่วนตำบลป่าพะยอม', '', '', '2019-03-21 04:57:01', '0000-00-00', 1, '', 0),
(749, 339, 286, 5, 'user126', 'logon', 'องค์การบริหารส่วนตำบลลานข่อย', '', '', '2019-03-21 04:57:01', '0000-00-00', 1, '', 0),
(750, 339, 286, 5, 'user127', 'logon', 'องค์การบริหารส่วนตำบลเขาชัยสน', '', '', '2019-03-21 04:57:01', '0000-00-00', 1, '', 0),
(751, 339, 286, 5, 'user128', 'logon', 'องค์การบริหารส่วนตำบลควนขนุน', '', '', '2019-03-21 04:57:01', '0000-00-00', 1, '', 0),
(752, 339, 286, 5, 'user129', 'logon', 'องค์การบริหารส่วนตำบลโคกม่วง', '', '', '2019-03-21 04:57:01', '0000-00-00', 1, '', 0),
(753, 339, 286, 5, 'user130', 'logon', 'องค์การบริหารส่วนตำบลหานโพธิ์', '', '', '2019-03-21 04:57:01', '0000-00-00', 1, '', 0),
(754, 339, 286, 5, 'user131', 'logon', 'องค์การบริหารส่วนตำบลจองถนน', '', '', '2019-03-21 04:57:01', '0000-00-00', 1, '', 0),
(755, 339, 286, 5, 'user132', 'logon', 'องค์การบริหารส่วนตำบลดอนประดู่', '', '', '2019-03-21 04:57:01', '0000-00-00', 1, '', 0),
(756, 339, 286, 5, 'user133', 'logon', 'องค์การบริหารส่วนตำบลปากพะยูน', '', '', '2019-03-21 04:57:01', '0000-00-00', 1, '', 0),
(757, 339, 286, 5, 'user134', 'logon', 'องค์การบริหารส่วนตำบลฝาละมี', '', '', '2019-03-21 04:57:01', '0000-00-00', 1, '', 0),
(758, 339, 286, 5, 'user135', 'logon', 'องค์การบริหารส่วนตำบลหารเทา', '', '', '2019-03-21 04:57:01', '0000-00-00', 1, '', 0),
(759, 339, 286, 5, 'user136', 'logon', 'องค์การบริหารส่วนตำบลดอนทราย', '', '', '2019-03-21 04:57:01', '0000-00-00', 1, '', 0),
(760, 339, 286, 5, 'user137', 'logon', 'องค์การบริหารส่วนตำบลเกาะนางคำ', '', '', '2019-03-21 04:57:01', '0000-00-00', 1, '', 0),
(761, 339, 286, 5, 'user138', 'logon', 'องค์การบริหารส่วนตำบลเกาะหมาก', '', '', '2019-03-21 04:57:01', '0000-00-00', 1, '', 0),
(762, 343, 289, 3, 'user139', 'logon', 'องค์การบริหารส่วนตำบลวังใหม่', '', 'เจ้าหน้าที่', '2020-09-02 04:01:05', '2020-09-02', 1, '', 1),
(763, 200, 238, 3, 'dopa160210', 'dopa160210', 'บุญภา', 'เดชดี', 'เจ้าพนักงานปกครอง', '2020-10-19 02:14:38', '2020-09-02', 1, 'fenicmoi@hotmail.com', 1),
(764, 231, 268, 3, 'ppl802', 'ppl802', 'กอ.รมน', 'พัทลุง', 'กอ.รมน', '2020-09-21 07:49:46', '2020-02-18', 1, 'fenicmoi@hotmail.com', 1),
(765, 227, 265, 3, 'ptl790', 'ptl790', 'เหล่ากาชาด', 'พัทลุง', 'เจ้าหน้าที่', '2020-09-02 03:57:05', '2020-09-02', 1, 'fenicmoi@hotmail.com', 1),
(766, 341, 285, 3, 'moj074', 'moj074', 'สำนักงานยุติธรรมจังหวัดพัทลุง', '-', 'สำนักงานยุติธรรมจังหวัด', '2020-09-02 03:55:08', '2020-09-02', 1, 'fenicmoi@hotmail.com', 1);
INSERT INTO `user` (`u_id`, `sec_id`, `dep_id`, `level_id`, `u_name`, `u_pass`, `firstname`, `lastname`, `position`, `user_last_login`, `date_create`, `status`, `email`, `keyman`) VALUES
(767, 342, 287, 3, 'ptl811', 'ptl811', 'สำนักงานตรวจเงินแผ่นดินจังหวัดพัทลุง', '-', 'สำนักงานตรวจเงินแผ่นดิน', '2020-09-02 03:53:50', '2020-09-02', 1, 'gmail@gmail.com', 1),
(768, 152, 193, 3, 'drrptl', 'logon', 'แขวงทางหลวงชนบท', 'พัทลุง', 'งานสารบรรณ', '2020-09-02 03:51:13', '2020-09-02', 1, 'fenicmoi@hotmail.com', 1),
(769, 345, 290, 3, 'djobptl', 'logon', 'สถานพินิจฯ', 'สถานพินิจ', 'เจ้าหน้าที่งานสารบรรณ', '2020-09-02 03:49:32', '2020-09-02', 1, 'fenicmoi@hotmail.com', 1),
(770, 157, 198, 3, 'labptl', 'labptl', 'สวัสดิการและคุ้มครองแรงงานฯ', 'พัทลุง', 'เจ้าหน้าที่', '2020-10-19 06:41:38', '2020-09-02', 1, 'fenicmoi@hotmail.com', 1),
(771, 154, 195, 3, 'mil93000', 'mil93000', 'สัสดี', 'จังหวัดพัทลุง', 'สัสดีจังหวัด', '2020-10-19 04:00:42', '2020-09-02', 1, 'fenicmoi@hotmail.com', 1),
(772, 243, 271, 3, 'edu01', 'logon', 'ศึกษาธิการ', 'จังหวัดพัทลุง', 'สารบรรณ', '2020-09-02 03:33:09', '2020-09-02', 1, 'fenicmoi@hotmail.com', 1),
(773, 347, 291, 3, 'natu01', 'natu01', 'ศูนย์ศึกษาธรรมชาติและสัตว์ป่า', 'ทะเลน้อย', 'เจ้าหน้าที่', '2020-09-29 08:16:56', '2020-09-02', 1, 'fenicmoi@hotmail.com', 1),
(774, 348, 292, 3, 'nut01', 'logon', 'ศูนย์วิจัยและพัฒนาอาหารสัตว์', 'พัทลุง', 'เจ้าหน้าที่', '2020-09-21 07:32:47', '2020-09-02', 1, 'fenics128@gmail.com', 1),
(775, 296, 279, 3, 'police93000', 'police93000', 'ตำรวจภูธร', 'จังหวัดพัทลุง', 'เจ้าหน้าที่งานสารบรรณ', '2020-09-29 03:56:39', '2020-09-02', 1, 'fenicmoi@hotmail.com', 1),
(776, 186, 225, 3, 'ledptl', 'ledptl', 'บังคับคดีจังหวัด', 'พัทลุง', 'เจ้าหน้าที่สารบรรณ', '2020-09-02 03:21:03', '2020-09-02', 1, 'fenicmoi@hotmail.com', 1),
(777, 349, 293, 3, 'cor01', 'logon', 'ทัณฑสถานเปิดบ้านนาวง', 'พัทลุง', 'เจ้าหน้าที่สารบรรณ', '2020-10-06 10:24:20', '2020-09-02', 1, 'fenicmoi@hotmail.com', 1),
(778, 350, 294, 3, 'law16', 'logon', 'สำนักงานชลประทานที่ 16', 'ฝ่ายจัดหาที่ดิน', 'จังหวัดพัทลุง', '2020-09-02 03:16:19', '2020-09-02', 1, 'fenicmoi@hotmail.com', 1),
(779, 351, 295, 3, 'are727', 'logon', 'เขตห้ามล่าพันธ์สัตว์ป่าทะเลหลวง', 'พัทลุง', 'เจ้าหน้าที่สารบรรณ', '2020-09-02 03:15:06', '2020-09-02', 1, 'fenicmoi@hotmail.com', 1),
(780, 352, 296, 3, 'oic01', 'oic01', 'เจ้าหน้าที่สารบรรณ', 'คบภ', 'เจ้าหน้าที่สารบรรณ', '2020-09-02 03:11:56', '2020-09-02', 1, 'fenicmoi@hotmail.com', 1),
(781, 234, 270, 3, 'ptl794', 'ptl794', 'ศูนย์ศึกษาพิเศษประจำจังหวัดพัทลุง', 'พัทลุง', 'สารบรรณ', '2020-09-02 03:01:23', '2020-09-02', 1, 'fenicmoi@hotmail.com', 1);

-- --------------------------------------------------------

--
-- โครงสร้างตาราง `user_level`
--

DROP TABLE IF EXISTS `user_level`;
CREATE TABLE IF NOT EXISTS `user_level` (
  `level_id` int(2) NOT NULL AUTO_INCREMENT COMMENT 'รหัสสิทธิ์',
  `level_name` varchar(45) DEFAULT NULL COMMENT 'ชื่อสิทธิ์',
  `status` int(1) DEFAULT NULL COMMENT 'สถานะการใช้งาน',
  PRIMARY KEY (`level_id`)
) ENGINE=InnoDB AUTO_INCREMENT=6 DEFAULT CHARSET=utf8 COMMENT='ประเภทสิทธิ์การใช้งาน';

--
-- dump ตาราง `user_level`
--

INSERT INTO `user_level` (`level_id`, `level_name`, `status`) VALUES
(1, 'ผู้ดูแลระบบ', 1),
(2, 'สารบรรณกลางจังหวัด', 1),
(3, 'สารบรรณประจำหน่วยงาน', 1),
(4, 'สารบรรณประจำกลุ่ม/กอง', 1),
(5, 'ผู้ใช้ทั่วไป', 1);

--
-- Constraints for dumped tables
--

--
-- Constraints for table `user`
--
ALTER TABLE `user`
  ADD CONSTRAINT `fk_user_section1` FOREIGN KEY (`sec_id`) REFERENCES `section` (`sec_id`) ON DELETE NO ACTION ON UPDATE NO ACTION,
  ADD CONSTRAINT `fk_user_user_level1` FOREIGN KEY (`level_id`) REFERENCES `user_level` (`level_id`) ON DELETE NO ACTION ON UPDATE NO ACTION;
COMMIT;

/*!40101 SET CHARACTER_SET_CLIENT=@OLD_CHARACTER_SET_CLIENT */;
/*!40101 SET CHARACTER_SET_RESULTS=@OLD_CHARACTER_SET_RESULTS */;
/*!40101 SET COLLATION_CONNECTION=@OLD_COLLATION_CONNECTION */;
